t1,t2,t3,eig
FFFF,FFFF,FFFF,0.9779
FFFF,FFFF,FFFT,1.0049
FFFF,FFFF,FFTF,1.0049
FFFF,FFFF,FFTT,0.9636
FFFF,FFFF,FTFF,1.0049
FFFF,FFFF,FTFT,1.0177
FFFF,FFFF,FTTF,0.9636
FFFF,FFFF,FTTT,0.9393
FFFF,FFFF,TFFF,0.9393
FFFF,FFFF,TFFT,0.9636
FFFF,FFFF,TFTF,1.0177
FFFF,FFFF,TFTT,1.0049
FFFF,FFFF,TTFF,0.9636
FFFF,FFFF,TTFT,1.0049
FFFF,FFFF,TTTF,1.0049
FFFF,FFFF,TTTT,0.9779
FFFF,FFFT,FFFF,1.0049
FFFF,FFFT,FFFT,0.9669
FFFF,FFFT,FFTF,0.9669
FFFF,FFFT,FFTT,0.9616
FFFF,FFFT,FTFF,0.9669
FFFF,FFFT,FTFT,0.9815
FFFF,FFFT,FTTF,0.9616
FFFF,FFFT,FTTT,0.9627
FFFF,FFFT,TFFF,0.9627
FFFF,FFFT,TFFT,0.9616
FFFF,FFFT,TFTF,0.9815
FFFF,FFFT,TFTT,0.9669
FFFF,FFFT,TTFF,0.9616
FFFF,FFFT,TTFT,0.9669
FFFF,FFFT,TTTF,0.9669
FFFF,FFFT,TTTT,1.0049
FFFF,FFTF,FFFF,1.0049
FFFF,FFTF,FFFT,0.9669
FFFF,FFTF,FFTF,0.9669
FFFF,FFTF,FFTT,0.9616
FFFF,FFTF,FTFF,0.9669
FFFF,FFTF,FTFT,0.9815
FFFF,FFTF,FTTF,0.9616
FFFF,FFTF,FTTT,0.9627
FFFF,FFTF,TFFF,0.9627
FFFF,FFTF,TFFT,0.9616
FFFF,FFTF,TFTF,0.9815
FFFF,FFTF,TFTT,0.9669
FFFF,FFTF,TTFF,0.9616
FFFF,FFTF,TTFT,0.9669
FFFF,FFTF,TTTF,0.9669
FFFF,FFTF,TTTT,1.0049
FFFF,FFTT,FFFF,0.9636
FFFF,FFTT,FFFT,0.9616
FFFF,FFTT,FFTF,0.9616
FFFF,FFTT,FFTT,0.9082
FFFF,FFTT,FTFF,0.9616
FFFF,FFTT,FTFT,0.9776
FFFF,FFTT,FTTF,0.9082
FFFF,FFTT,FTTT,0.9016
FFFF,FFTT,TFFF,0.9016
FFFF,FFTT,TFFT,0.9082
FFFF,FFTT,TFTF,0.9776
FFFF,FFTT,TFTT,0.9616
FFFF,FFTT,TTFF,0.9082
FFFF,FFTT,TTFT,0.9616
FFFF,FFTT,TTTF,0.9616
FFFF,FFTT,TTTT,0.9636
FFFF,FTFF,FFFF,1.0049
FFFF,FTFF,FFFT,0.9669
FFFF,FTFF,FFTF,0.9669
FFFF,FTFF,FFTT,0.9616
FFFF,FTFF,FTFF,0.9669
FFFF,FTFF,FTFT,0.9815
FFFF,FTFF,FTTF,0.9616
FFFF,FTFF,FTTT,0.9627
FFFF,FTFF,TFFF,0.9627
FFFF,FTFF,TFFT,0.9616
FFFF,FTFF,TFTF,0.9815
FFFF,FTFF,TFTT,0.9669
FFFF,FTFF,TTFF,0.9616
FFFF,FTFF,TTFT,0.9669
FFFF,FTFF,TTTF,0.9669
FFFF,FTFF,TTTT,1.0049
FFFF,FTFT,FFFF,1.0177
FFFF,FTFT,FFFT,0.9815
FFFF,FTFT,FFTF,0.9815
FFFF,FTFT,FFTT,0.9776
FFFF,FTFT,FTFF,0.9815
FFFF,FTFT,FTFT,0.9905
FFFF,FTFT,FTTF,0.9776
FFFF,FTFT,FTTT,0.9803
FFFF,FTFT,TFFF,0.9803
FFFF,FTFT,TFFT,0.9776
FFFF,FTFT,TFTF,0.9905
FFFF,FTFT,TFTT,0.9815
FFFF,FTFT,TTFF,0.9776
FFFF,FTFT,TTFT,0.9815
FFFF,FTFT,TTTF,0.9815
FFFF,FTFT,TTTT,1.0177
FFFF,FTTF,FFFF,0.9636
FFFF,FTTF,FFFT,0.9616
FFFF,FTTF,FFTF,0.9616
FFFF,FTTF,FFTT,0.9082
FFFF,FTTF,FTFF,0.9616
FFFF,FTTF,FTFT,0.9776
FFFF,FTTF,FTTF,0.9082
FFFF,FTTF,FTTT,0.9016
FFFF,FTTF,TFFF,0.9016
FFFF,FTTF,TFFT,0.9082
FFFF,FTTF,TFTF,0.9776
FFFF,FTTF,TFTT,0.9616
FFFF,FTTF,TTFF,0.9082
FFFF,FTTF,TTFT,0.9616
FFFF,FTTF,TTTF,0.9616
FFFF,FTTF,TTTT,0.9636
FFFF,FTTT,FFFF,0.9393
FFFF,FTTT,FFFT,0.9627
FFFF,FTTT,FFTF,0.9627
FFFF,FTTT,FFTT,0.9016
FFFF,FTTT,FTFF,0.9627
FFFF,FTTT,FTFT,0.9803
FFFF,FTTT,FTTF,0.9016
FFFF,FTTT,FTTT,0.8721
FFFF,FTTT,TFFF,0.8721
FFFF,FTTT,TFFT,0.9016
FFFF,FTTT,TFTF,0.9803
FFFF,FTTT,TFTT,0.9627
FFFF,FTTT,TTFF,0.9016
FFFF,FTTT,TTFT,0.9627
FFFF,FTTT,TTTF,0.9627
FFFF,FTTT,TTTT,0.9393
FFFF,TFFF,FFFF,0.9393
FFFF,TFFF,FFFT,0.9627
FFFF,TFFF,FFTF,0.9627
FFFF,TFFF,FFTT,0.9016
FFFF,TFFF,FTFF,0.9627
FFFF,TFFF,FTFT,0.9803
FFFF,TFFF,FTTF,0.9016
FFFF,TFFF,FTTT,0.8721
FFFF,TFFF,TFFF,0.8721
FFFF,TFFF,TFFT,0.9016
FFFF,TFFF,TFTF,0.9803
FFFF,TFFF,TFTT,0.9627
FFFF,TFFF,TTFF,0.9016
FFFF,TFFF,TTFT,0.9627
FFFF,TFFF,TTTF,0.9627
FFFF,TFFF,TTTT,0.9393
FFFF,TFFT,FFFF,0.9636
FFFF,TFFT,FFFT,0.9616
FFFF,TFFT,FFTF,0.9616
FFFF,TFFT,FFTT,0.9082
FFFF,TFFT,FTFF,0.9616
FFFF,TFFT,FTFT,0.9776
FFFF,TFFT,FTTF,0.9082
FFFF,TFFT,FTTT,0.9016
FFFF,TFFT,TFFF,0.9016
FFFF,TFFT,TFFT,0.9082
FFFF,TFFT,TFTF,0.9776
FFFF,TFFT,TFTT,0.9616
FFFF,TFFT,TTFF,0.9082
FFFF,TFFT,TTFT,0.9616
FFFF,TFFT,TTTF,0.9616
FFFF,TFFT,TTTT,0.9636
FFFF,TFTF,FFFF,1.0177
FFFF,TFTF,FFFT,0.9815
FFFF,TFTF,FFTF,0.9815
FFFF,TFTF,FFTT,0.9776
FFFF,TFTF,FTFF,0.9815
FFFF,TFTF,FTFT,0.9905
FFFF,TFTF,FTTF,0.9776
FFFF,TFTF,FTTT,0.9803
FFFF,TFTF,TFFF,0.9803
FFFF,TFTF,TFFT,0.9776
FFFF,TFTF,TFTF,0.9905
FFFF,TFTF,TFTT,0.9815
FFFF,TFTF,TTFF,0.9776
FFFF,TFTF,TTFT,0.9815
FFFF,TFTF,TTTF,0.9815
FFFF,TFTF,TTTT,1.0177
FFFF,TFTT,FFFF,1.0049
FFFF,TFTT,FFFT,0.9669
FFFF,TFTT,FFTF,0.9669
FFFF,TFTT,FFTT,0.9616
FFFF,TFTT,FTFF,0.9669
FFFF,TFTT,FTFT,0.9815
FFFF,TFTT,FTTF,0.9616
FFFF,TFTT,FTTT,0.9627
FFFF,TFTT,TFFF,0.9627
FFFF,TFTT,TFFT,0.9616
FFFF,TFTT,TFTF,0.9815
FFFF,TFTT,TFTT,0.9669
FFFF,TFTT,TTFF,0.9616
FFFF,TFTT,TTFT,0.9669
FFFF,TFTT,TTTF,0.9669
FFFF,TFTT,TTTT,1.0049
FFFF,TTFF,FFFF,0.9636
FFFF,TTFF,FFFT,0.9616
FFFF,TTFF,FFTF,0.9616
FFFF,TTFF,FFTT,0.9082
FFFF,TTFF,FTFF,0.9616
FFFF,TTFF,FTFT,0.9776
FFFF,TTFF,FTTF,0.9082
FFFF,TTFF,FTTT,0.9016
FFFF,TTFF,TFFF,0.9016
FFFF,TTFF,TFFT,0.9082
FFFF,TTFF,TFTF,0.9776
FFFF,TTFF,TFTT,0.9616
FFFF,TTFF,TTFF,0.9082
FFFF,TTFF,TTFT,0.9616
FFFF,TTFF,TTTF,0.9616
FFFF,TTFF,TTTT,0.9636
FFFF,TTFT,FFFF,1.0049
FFFF,TTFT,FFFT,0.9669
FFFF,TTFT,FFTF,0.9669
FFFF,TTFT,FFTT,0.9616
FFFF,TTFT,FTFF,0.9669
FFFF,TTFT,FTFT,0.9815
FFFF,TTFT,FTTF,0.9616
FFFF,TTFT,FTTT,0.9627
FFFF,TTFT,TFFF,0.9627
FFFF,TTFT,TFFT,0.9616
FFFF,TTFT,TFTF,0.9815
FFFF,TTFT,TFTT,0.9669
FFFF,TTFT,TTFF,0.9616
FFFF,TTFT,TTFT,0.9669
FFFF,TTFT,TTTF,0.9669
FFFF,TTFT,TTTT,1.0049
FFFF,TTTF,FFFF,1.0049
FFFF,TTTF,FFFT,0.9669
FFFF,TTTF,FFTF,0.9669
FFFF,TTTF,FFTT,0.9616
FFFF,TTTF,FTFF,0.9669
FFFF,TTTF,FTFT,0.9815
FFFF,TTTF,FTTF,0.9616
FFFF,TTTF,FTTT,0.9627
FFFF,TTTF,TFFF,0.9627
FFFF,TTTF,TFFT,0.9616
FFFF,TTTF,TFTF,0.9815
FFFF,TTTF,TFTT,0.9669
FFFF,TTTF,TTFF,0.9616
FFFF,TTTF,TTFT,0.9669
FFFF,TTTF,TTTF,0.9669
FFFF,TTTF,TTTT,1.0049
FFFF,TTTT,FFFF,0.9779
FFFF,TTTT,FFFT,1.0049
FFFF,TTTT,FFTF,1.0049
FFFF,TTTT,FFTT,0.9636
FFFF,TTTT,FTFF,1.0049
FFFF,TTTT,FTFT,1.0177
FFFF,TTTT,FTTF,0.9636
FFFF,TTTT,FTTT,0.9393
FFFF,TTTT,TFFF,0.9393
FFFF,TTTT,TFFT,0.9636
FFFF,TTTT,TFTF,1.0177
FFFF,TTTT,TFTT,1.0049
FFFF,TTTT,TTFF,0.9636
FFFF,TTTT,TTFT,1.0049
FFFF,TTTT,TTTF,1.0049
FFFF,TTTT,TTTT,0.9779
FFFT,FFFF,FFFF,1.0049
FFFT,FFFF,FFFT,0.9669
FFFT,FFFF,FFTF,0.9669
FFFT,FFFF,FFTT,0.9616
FFFT,FFFF,FTFF,0.9669
FFFT,FFFF,FTFT,0.9815
FFFT,FFFF,FTTF,0.9616
FFFT,FFFF,FTTT,0.9627
FFFT,FFFF,TFFF,0.9627
FFFT,FFFF,TFFT,0.9616
FFFT,FFFF,TFTF,0.9815
FFFT,FFFF,TFTT,0.9669
FFFT,FFFF,TTFF,0.9616
FFFT,FFFF,TTFT,0.9669
FFFT,FFFF,TTTF,0.9669
FFFT,FFFF,TTTT,1.0049
FFFT,FFFT,FFFF,0.9669
FFFT,FFFT,FFFT,0.7131
FFFT,FFFT,FFTF,0.7131
FFFT,FFFT,FFTT,0.7265
FFFT,FFFT,FTFF,0.7131
FFFT,FFFT,FTFT,0.8716
FFFT,FFFT,FTTF,0.7265
FFFT,FFFT,FTTT,0.7822
FFFT,FFFT,TFFF,0.7822
FFFT,FFFT,TFFT,0.7265
FFFT,FFFT,TFTF,0.8716
FFFT,FFFT,TFTT,0.7131
FFFT,FFFT,TTFF,0.7265
FFFT,FFFT,TTFT,0.7131
FFFT,FFFT,TTTF,0.7131
FFFT,FFFT,TTTT,0.9669
FFFT,FFTF,FFFF,0.9669
FFFT,FFTF,FFFT,0.7131
FFFT,FFTF,FFTF,0.7131
FFFT,FFTF,FFTT,0.7265
FFFT,FFTF,FTFF,0.7131
FFFT,FFTF,FTFT,0.8716
FFFT,FFTF,FTTF,0.7265
FFFT,FFTF,FTTT,0.7822
FFFT,FFTF,TFFF,0.7822
FFFT,FFTF,TFFT,0.7265
FFFT,FFTF,TFTF,0.8716
FFFT,FFTF,TFTT,0.7131
FFFT,FFTF,TTFF,0.7265
FFFT,FFTF,TTFT,0.7131
FFFT,FFTF,TTTF,0.7131
FFFT,FFTF,TTTT,0.9669
FFFT,FFTT,FFFF,0.9616
FFFT,FFTT,FFFT,0.7265
FFFT,FFTT,FFTF,0.7265
FFFT,FFTT,FFTT,0.7224
FFFT,FFTT,FTFF,0.7265
FFFT,FFTT,FTFT,0.8396
FFFT,FFTT,FTTF,0.7224
FFFT,FFTT,FTTT,0.7710
FFFT,FFTT,TFFF,0.7710
FFFT,FFTT,TFFT,0.7224
FFFT,FFTT,TFTF,0.8396
FFFT,FFTT,TFTT,0.7265
FFFT,FFTT,TTFF,0.7224
FFFT,FFTT,TTFT,0.7265
FFFT,FFTT,TTTF,0.7265
FFFT,FFTT,TTTT,0.9616
FFFT,FTFF,FFFF,0.9669
FFFT,FTFF,FFFT,0.7131
FFFT,FTFF,FFTF,0.7131
FFFT,FTFF,FFTT,0.7265
FFFT,FTFF,FTFF,0.7131
FFFT,FTFF,FTFT,0.8716
FFFT,FTFF,FTTF,0.7265
FFFT,FTFF,FTTT,0.7822
FFFT,FTFF,TFFF,0.7822
FFFT,FTFF,TFFT,0.7265
FFFT,FTFF,TFTF,0.8716
FFFT,FTFF,TFTT,0.7131
FFFT,FTFF,TTFF,0.7265
FFFT,FTFF,TTFT,0.7131
FFFT,FTFF,TTTF,0.7131
FFFT,FTFF,TTTT,0.9669
FFFT,FTFT,FFFF,0.9815
FFFT,FTFT,FFFT,0.8716
FFFT,FTFT,FFTF,0.8716
FFFT,FTFT,FFTT,0.8396
FFFT,FTFT,FTFF,0.8716
FFFT,FTFT,FTFT,0.8561
FFFT,FTFT,FTTF,0.8396
FFFT,FTFT,FTTT,0.8708
FFFT,FTFT,TFFF,0.8708
FFFT,FTFT,TFFT,0.8396
FFFT,FTFT,TFTF,0.8561
FFFT,FTFT,TFTT,0.8716
FFFT,FTFT,TTFF,0.8396
FFFT,FTFT,TTFT,0.8716
FFFT,FTFT,TTTF,0.8716
FFFT,FTFT,TTTT,0.9815
FFFT,FTTF,FFFF,0.9616
FFFT,FTTF,FFFT,0.7265
FFFT,FTTF,FFTF,0.7265
FFFT,FTTF,FFTT,0.7224
FFFT,FTTF,FTFF,0.7265
FFFT,FTTF,FTFT,0.8396
FFFT,FTTF,FTTF,0.7224
FFFT,FTTF,FTTT,0.7710
FFFT,FTTF,TFFF,0.7710
FFFT,FTTF,TFFT,0.7224
FFFT,FTTF,TFTF,0.8396
FFFT,FTTF,TFTT,0.7265
FFFT,FTTF,TTFF,0.7224
FFFT,FTTF,TTFT,0.7265
FFFT,FTTF,TTTF,0.7265
FFFT,FTTF,TTTT,0.9616
FFFT,FTTT,FFFF,0.9627
FFFT,FTTT,FFFT,0.7822
FFFT,FTTT,FFTF,0.7822
FFFT,FTTT,FFTT,0.7710
FFFT,FTTT,FTFF,0.7822
FFFT,FTTT,FTFT,0.8708
FFFT,FTTT,FTTF,0.7710
FFFT,FTTT,FTTT,0.7914
FFFT,FTTT,TFFF,0.7914
FFFT,FTTT,TFFT,0.7710
FFFT,FTTT,TFTF,0.8708
FFFT,FTTT,TFTT,0.7822
FFFT,FTTT,TTFF,0.7710
FFFT,FTTT,TTFT,0.7822
FFFT,FTTT,TTTF,0.7822
FFFT,FTTT,TTTT,0.9627
FFFT,TFFF,FFFF,0.9627
FFFT,TFFF,FFFT,0.7822
FFFT,TFFF,FFTF,0.7822
FFFT,TFFF,FFTT,0.7710
FFFT,TFFF,FTFF,0.7822
FFFT,TFFF,FTFT,0.8708
FFFT,TFFF,FTTF,0.7710
FFFT,TFFF,FTTT,0.7914
FFFT,TFFF,TFFF,0.7914
FFFT,TFFF,TFFT,0.7710
FFFT,TFFF,TFTF,0.8708
FFFT,TFFF,TFTT,0.7822
FFFT,TFFF,TTFF,0.7710
FFFT,TFFF,TTFT,0.7822
FFFT,TFFF,TTTF,0.7822
FFFT,TFFF,TTTT,0.9627
FFFT,TFFT,FFFF,0.9616
FFFT,TFFT,FFFT,0.7265
FFFT,TFFT,FFTF,0.7265
FFFT,TFFT,FFTT,0.7224
FFFT,TFFT,FTFF,0.7265
FFFT,TFFT,FTFT,0.8396
FFFT,TFFT,FTTF,0.7224
FFFT,TFFT,FTTT,0.7710
FFFT,TFFT,TFFF,0.7710
FFFT,TFFT,TFFT,0.7224
FFFT,TFFT,TFTF,0.8396
FFFT,TFFT,TFTT,0.7265
FFFT,TFFT,TTFF,0.7224
FFFT,TFFT,TTFT,0.7265
FFFT,TFFT,TTTF,0.7265
FFFT,TFFT,TTTT,0.9616
FFFT,TFTF,FFFF,0.9815
FFFT,TFTF,FFFT,0.8716
FFFT,TFTF,FFTF,0.8716
FFFT,TFTF,FFTT,0.8396
FFFT,TFTF,FTFF,0.8716
FFFT,TFTF,FTFT,0.8561
FFFT,TFTF,FTTF,0.8396
FFFT,TFTF,FTTT,0.8708
FFFT,TFTF,TFFF,0.8708
FFFT,TFTF,TFFT,0.8396
FFFT,TFTF,TFTF,0.8561
FFFT,TFTF,TFTT,0.8716
FFFT,TFTF,TTFF,0.8396
FFFT,TFTF,TTFT,0.8716
FFFT,TFTF,TTTF,0.8716
FFFT,TFTF,TTTT,0.9815
FFFT,TFTT,FFFF,0.9669
FFFT,TFTT,FFFT,0.7131
FFFT,TFTT,FFTF,0.7131
FFFT,TFTT,FFTT,0.7265
FFFT,TFTT,FTFF,0.7131
FFFT,TFTT,FTFT,0.8716
FFFT,TFTT,FTTF,0.7265
FFFT,TFTT,FTTT,0.7822
FFFT,TFTT,TFFF,0.7822
FFFT,TFTT,TFFT,0.7265
FFFT,TFTT,TFTF,0.8716
FFFT,TFTT,TFTT,0.7131
FFFT,TFTT,TTFF,0.7265
FFFT,TFTT,TTFT,0.7131
FFFT,TFTT,TTTF,0.7131
FFFT,TFTT,TTTT,0.9669
FFFT,TTFF,FFFF,0.9616
FFFT,TTFF,FFFT,0.7265
FFFT,TTFF,FFTF,0.7265
FFFT,TTFF,FFTT,0.7224
FFFT,TTFF,FTFF,0.7265
FFFT,TTFF,FTFT,0.8396
FFFT,TTFF,FTTF,0.7224
FFFT,TTFF,FTTT,0.7710
FFFT,TTFF,TFFF,0.7710
FFFT,TTFF,TFFT,0.7224
FFFT,TTFF,TFTF,0.8396
FFFT,TTFF,TFTT,0.7265
FFFT,TTFF,TTFF,0.7224
FFFT,TTFF,TTFT,0.7265
FFFT,TTFF,TTTF,0.7265
FFFT,TTFF,TTTT,0.9616
FFFT,TTFT,FFFF,0.9669
FFFT,TTFT,FFFT,0.7131
FFFT,TTFT,FFTF,0.7131
FFFT,TTFT,FFTT,0.7265
FFFT,TTFT,FTFF,0.7131
FFFT,TTFT,FTFT,0.8716
FFFT,TTFT,FTTF,0.7265
FFFT,TTFT,FTTT,0.7822
FFFT,TTFT,TFFF,0.7822
FFFT,TTFT,TFFT,0.7265
FFFT,TTFT,TFTF,0.8716
FFFT,TTFT,TFTT,0.7131
FFFT,TTFT,TTFF,0.7265
FFFT,TTFT,TTFT,0.7131
FFFT,TTFT,TTTF,0.7131
FFFT,TTFT,TTTT,0.9669
FFFT,TTTF,FFFF,0.9669
FFFT,TTTF,FFFT,0.7131
FFFT,TTTF,FFTF,0.7131
FFFT,TTTF,FFTT,0.7265
FFFT,TTTF,FTFF,0.7131
FFFT,TTTF,FTFT,0.8716
FFFT,TTTF,FTTF,0.7265
FFFT,TTTF,FTTT,0.7822
FFFT,TTTF,TFFF,0.7822
FFFT,TTTF,TFFT,0.7265
FFFT,TTTF,TFTF,0.8716
FFFT,TTTF,TFTT,0.7131
FFFT,TTTF,TTFF,0.7265
FFFT,TTTF,TTFT,0.7131
FFFT,TTTF,TTTF,0.7131
FFFT,TTTF,TTTT,0.9669
FFFT,TTTT,FFFF,1.0049
FFFT,TTTT,FFFT,0.9669
FFFT,TTTT,FFTF,0.9669
FFFT,TTTT,FFTT,0.9616
FFFT,TTTT,FTFF,0.9669
FFFT,TTTT,FTFT,0.9815
FFFT,TTTT,FTTF,0.9616
FFFT,TTTT,FTTT,0.9627
FFFT,TTTT,TFFF,0.9627
FFFT,TTTT,TFFT,0.9616
FFFT,TTTT,TFTF,0.9815
FFFT,TTTT,TFTT,0.9669
FFFT,TTTT,TTFF,0.9616
FFFT,TTTT,TTFT,0.9669
FFFT,TTTT,TTTF,0.9669
FFFT,TTTT,TTTT,1.0049
FFTF,FFFF,FFFF,1.0049
FFTF,FFFF,FFFT,0.9669
FFTF,FFFF,FFTF,0.9669
FFTF,FFFF,FFTT,0.9616
FFTF,FFFF,FTFF,0.9669
FFTF,FFFF,FTFT,0.9815
FFTF,FFFF,FTTF,0.9616
FFTF,FFFF,FTTT,0.9627
FFTF,FFFF,TFFF,0.9627
FFTF,FFFF,TFFT,0.9616
FFTF,FFFF,TFTF,0.9815
FFTF,FFFF,TFTT,0.9669
FFTF,FFFF,TTFF,0.9616
FFTF,FFFF,TTFT,0.9669
FFTF,FFFF,TTTF,0.9669
FFTF,FFFF,TTTT,1.0049
FFTF,FFFT,FFFF,0.9669
FFTF,FFFT,FFFT,0.7131
FFTF,FFFT,FFTF,0.7131
FFTF,FFFT,FFTT,0.7265
FFTF,FFFT,FTFF,0.7131
FFTF,FFFT,FTFT,0.8716
FFTF,FFFT,FTTF,0.7265
FFTF,FFFT,FTTT,0.7822
FFTF,FFFT,TFFF,0.7822
FFTF,FFFT,TFFT,0.7265
FFTF,FFFT,TFTF,0.8716
FFTF,FFFT,TFTT,0.7131
FFTF,FFFT,TTFF,0.7265
FFTF,FFFT,TTFT,0.7131
FFTF,FFFT,TTTF,0.7131
FFTF,FFFT,TTTT,0.9669
FFTF,FFTF,FFFF,0.9669
FFTF,FFTF,FFFT,0.7131
FFTF,FFTF,FFTF,0.7131
FFTF,FFTF,FFTT,0.7265
FFTF,FFTF,FTFF,0.7131
FFTF,FFTF,FTFT,0.8716
FFTF,FFTF,FTTF,0.7265
FFTF,FFTF,FTTT,0.7822
FFTF,FFTF,TFFF,0.7822
FFTF,FFTF,TFFT,0.7265
FFTF,FFTF,TFTF,0.8716
FFTF,FFTF,TFTT,0.7131
FFTF,FFTF,TTFF,0.7265
FFTF,FFTF,TTFT,0.7131
FFTF,FFTF,TTTF,0.7131
FFTF,FFTF,TTTT,0.9669
FFTF,FFTT,FFFF,0.9616
FFTF,FFTT,FFFT,0.7265
FFTF,FFTT,FFTF,0.7265
FFTF,FFTT,FFTT,0.7224
FFTF,FFTT,FTFF,0.7265
FFTF,FFTT,FTFT,0.8396
FFTF,FFTT,FTTF,0.7224
FFTF,FFTT,FTTT,0.7710
FFTF,FFTT,TFFF,0.7710
FFTF,FFTT,TFFT,0.7224
FFTF,FFTT,TFTF,0.8396
FFTF,FFTT,TFTT,0.7265
FFTF,FFTT,TTFF,0.7224
FFTF,FFTT,TTFT,0.7265
FFTF,FFTT,TTTF,0.7265
FFTF,FFTT,TTTT,0.9616
FFTF,FTFF,FFFF,0.9669
FFTF,FTFF,FFFT,0.7131
FFTF,FTFF,FFTF,0.7131
FFTF,FTFF,FFTT,0.7265
FFTF,FTFF,FTFF,0.7131
FFTF,FTFF,FTFT,0.8716
FFTF,FTFF,FTTF,0.7265
FFTF,FTFF,FTTT,0.7822
FFTF,FTFF,TFFF,0.7822
FFTF,FTFF,TFFT,0.7265
FFTF,FTFF,TFTF,0.8716
FFTF,FTFF,TFTT,0.7131
FFTF,FTFF,TTFF,0.7265
FFTF,FTFF,TTFT,0.7131
FFTF,FTFF,TTTF,0.7131
FFTF,FTFF,TTTT,0.9669
FFTF,FTFT,FFFF,0.9815
FFTF,FTFT,FFFT,0.8716
FFTF,FTFT,FFTF,0.8716
FFTF,FTFT,FFTT,0.8396
FFTF,FTFT,FTFF,0.8716
FFTF,FTFT,FTFT,0.8561
FFTF,FTFT,FTTF,0.8396
FFTF,FTFT,FTTT,0.8708
FFTF,FTFT,TFFF,0.8708
FFTF,FTFT,TFFT,0.8396
FFTF,FTFT,TFTF,0.8561
FFTF,FTFT,TFTT,0.8716
FFTF,FTFT,TTFF,0.8396
FFTF,FTFT,TTFT,0.8716
FFTF,FTFT,TTTF,0.8716
FFTF,FTFT,TTTT,0.9815
FFTF,FTTF,FFFF,0.9616
FFTF,FTTF,FFFT,0.7265
FFTF,FTTF,FFTF,0.7265
FFTF,FTTF,FFTT,0.7224
FFTF,FTTF,FTFF,0.7265
FFTF,FTTF,FTFT,0.8396
FFTF,FTTF,FTTF,0.7224
FFTF,FTTF,FTTT,0.7710
FFTF,FTTF,TFFF,0.7710
FFTF,FTTF,TFFT,0.7224
FFTF,FTTF,TFTF,0.8396
FFTF,FTTF,TFTT,0.7265
FFTF,FTTF,TTFF,0.7224
FFTF,FTTF,TTFT,0.7265
FFTF,FTTF,TTTF,0.7265
FFTF,FTTF,TTTT,0.9616
FFTF,FTTT,FFFF,0.9627
FFTF,FTTT,FFFT,0.7822
FFTF,FTTT,FFTF,0.7822
FFTF,FTTT,FFTT,0.7710
FFTF,FTTT,FTFF,0.7822
FFTF,FTTT,FTFT,0.8708
FFTF,FTTT,FTTF,0.7710
FFTF,FTTT,FTTT,0.7914
FFTF,FTTT,TFFF,0.7914
FFTF,FTTT,TFFT,0.7710
FFTF,FTTT,TFTF,0.8708
FFTF,FTTT,TFTT,0.7822
FFTF,FTTT,TTFF,0.7710
FFTF,FTTT,TTFT,0.7822
FFTF,FTTT,TTTF,0.7822
FFTF,FTTT,TTTT,0.9627
FFTF,TFFF,FFFF,0.9627
FFTF,TFFF,FFFT,0.7822
FFTF,TFFF,FFTF,0.7822
FFTF,TFFF,FFTT,0.7710
FFTF,TFFF,FTFF,0.7822
FFTF,TFFF,FTFT,0.8708
FFTF,TFFF,FTTF,0.7710
FFTF,TFFF,FTTT,0.7914
FFTF,TFFF,TFFF,0.7914
FFTF,TFFF,TFFT,0.7710
FFTF,TFFF,TFTF,0.8708
FFTF,TFFF,TFTT,0.7822
FFTF,TFFF,TTFF,0.7710
FFTF,TFFF,TTFT,0.7822
FFTF,TFFF,TTTF,0.7822
FFTF,TFFF,TTTT,0.9627
FFTF,TFFT,FFFF,0.9616
FFTF,TFFT,FFFT,0.7265
FFTF,TFFT,FFTF,0.7265
FFTF,TFFT,FFTT,0.7224
FFTF,TFFT,FTFF,0.7265
FFTF,TFFT,FTFT,0.8396
FFTF,TFFT,FTTF,0.7224
FFTF,TFFT,FTTT,0.7710
FFTF,TFFT,TFFF,0.7710
FFTF,TFFT,TFFT,0.7224
FFTF,TFFT,TFTF,0.8396
FFTF,TFFT,TFTT,0.7265
FFTF,TFFT,TTFF,0.7224
FFTF,TFFT,TTFT,0.7265
FFTF,TFFT,TTTF,0.7265
FFTF,TFFT,TTTT,0.9616
FFTF,TFTF,FFFF,0.9815
FFTF,TFTF,FFFT,0.8716
FFTF,TFTF,FFTF,0.8716
FFTF,TFTF,FFTT,0.8396
FFTF,TFTF,FTFF,0.8716
FFTF,TFTF,FTFT,0.8561
FFTF,TFTF,FTTF,0.8396
FFTF,TFTF,FTTT,0.8708
FFTF,TFTF,TFFF,0.8708
FFTF,TFTF,TFFT,0.8396
FFTF,TFTF,TFTF,0.8561
FFTF,TFTF,TFTT,0.8716
FFTF,TFTF,TTFF,0.8396
FFTF,TFTF,TTFT,0.8716
FFTF,TFTF,TTTF,0.8716
FFTF,TFTF,TTTT,0.9815
FFTF,TFTT,FFFF,0.9669
FFTF,TFTT,FFFT,0.7131
FFTF,TFTT,FFTF,0.7131
FFTF,TFTT,FFTT,0.7265
FFTF,TFTT,FTFF,0.7131
FFTF,TFTT,FTFT,0.8716
FFTF,TFTT,FTTF,0.7265
FFTF,TFTT,FTTT,0.7822
FFTF,TFTT,TFFF,0.7822
FFTF,TFTT,TFFT,0.7265
FFTF,TFTT,TFTF,0.8716
FFTF,TFTT,TFTT,0.7131
FFTF,TFTT,TTFF,0.7265
FFTF,TFTT,TTFT,0.7131
FFTF,TFTT,TTTF,0.7131
FFTF,TFTT,TTTT,0.9669
FFTF,TTFF,FFFF,0.9616
FFTF,TTFF,FFFT,0.7265
FFTF,TTFF,FFTF,0.7265
FFTF,TTFF,FFTT,0.7224
FFTF,TTFF,FTFF,0.7265
FFTF,TTFF,FTFT,0.8396
FFTF,TTFF,FTTF,0.7224
FFTF,TTFF,FTTT,0.7710
FFTF,TTFF,TFFF,0.7710
FFTF,TTFF,TFFT,0.7224
FFTF,TTFF,TFTF,0.8396
FFTF,TTFF,TFTT,0.7265
FFTF,TTFF,TTFF,0.7224
FFTF,TTFF,TTFT,0.7265
FFTF,TTFF,TTTF,0.7265
FFTF,TTFF,TTTT,0.9616
FFTF,TTFT,FFFF,0.9669
FFTF,TTFT,FFFT,0.7131
FFTF,TTFT,FFTF,0.7131
FFTF,TTFT,FFTT,0.7265
FFTF,TTFT,FTFF,0.7131
FFTF,TTFT,FTFT,0.8716
FFTF,TTFT,FTTF,0.7265
FFTF,TTFT,FTTT,0.7822
FFTF,TTFT,TFFF,0.7822
FFTF,TTFT,TFFT,0.7265
FFTF,TTFT,TFTF,0.8716
FFTF,TTFT,TFTT,0.7131
FFTF,TTFT,TTFF,0.7265
FFTF,TTFT,TTFT,0.7131
FFTF,TTFT,TTTF,0.7131
FFTF,TTFT,TTTT,0.9669
FFTF,TTTF,FFFF,0.9669
FFTF,TTTF,FFFT,0.7131
FFTF,TTTF,FFTF,0.7131
FFTF,TTTF,FFTT,0.7265
FFTF,TTTF,FTFF,0.7131
FFTF,TTTF,FTFT,0.8716
FFTF,TTTF,FTTF,0.7265
FFTF,TTTF,FTTT,0.7822
FFTF,TTTF,TFFF,0.7822
FFTF,TTTF,TFFT,0.7265
FFTF,TTTF,TFTF,0.8716
FFTF,TTTF,TFTT,0.7131
FFTF,TTTF,TTFF,0.7265
FFTF,TTTF,TTFT,0.7131
FFTF,TTTF,TTTF,0.7131
FFTF,TTTF,TTTT,0.9669
FFTF,TTTT,FFFF,1.0049
FFTF,TTTT,FFFT,0.9669
FFTF,TTTT,FFTF,0.9669
FFTF,TTTT,FFTT,0.9616
FFTF,TTTT,FTFF,0.9669
FFTF,TTTT,FTFT,0.9815
FFTF,TTTT,FTTF,0.9616
FFTF,TTTT,FTTT,0.9627
FFTF,TTTT,TFFF,0.9627
FFTF,TTTT,TFFT,0.9616
FFTF,TTTT,TFTF,0.9815
FFTF,TTTT,TFTT,0.9669
FFTF,TTTT,TTFF,0.9616
FFTF,TTTT,TTFT,0.9669
FFTF,TTTT,TTTF,0.9669
FFTF,TTTT,TTTT,1.0049
FFTT,FFFF,FFFF,0.9636
FFTT,FFFF,FFFT,0.9616
FFTT,FFFF,FFTF,0.9616
FFTT,FFFF,FFTT,0.9082
FFTT,FFFF,FTFF,0.9616
FFTT,FFFF,FTFT,0.9776
FFTT,FFFF,FTTF,0.9082
FFTT,FFFF,FTTT,0.9016
FFTT,FFFF,TFFF,0.9016
FFTT,FFFF,TFFT,0.9082
FFTT,FFFF,TFTF,0.9776
FFTT,FFFF,TFTT,0.9616
FFTT,FFFF,TTFF,0.9082
FFTT,FFFF,TTFT,0.9616
FFTT,FFFF,TTTF,0.9616
FFTT,FFFF,TTTT,0.9636
FFTT,FFFT,FFFF,0.9616
FFTT,FFFT,FFFT,0.7265
FFTT,FFFT,FFTF,0.7265
FFTT,FFFT,FFTT,0.7224
FFTT,FFFT,FTFF,0.7265
FFTT,FFFT,FTFT,0.8396
FFTT,FFFT,FTTF,0.7224
FFTT,FFFT,FTTT,0.7710
FFTT,FFFT,TFFF,0.7710
FFTT,FFFT,TFFT,0.7224
FFTT,FFFT,TFTF,0.8396
FFTT,FFFT,TFTT,0.7265
FFTT,FFFT,TTFF,0.7224
FFTT,FFFT,TTFT,0.7265
FFTT,FFFT,TTTF,0.7265
FFTT,FFFT,TTTT,0.9616
FFTT,FFTF,FFFF,0.9616
FFTT,FFTF,FFFT,0.7265
FFTT,FFTF,FFTF,0.7265
FFTT,FFTF,FFTT,0.7224
FFTT,FFTF,FTFF,0.7265
FFTT,FFTF,FTFT,0.8396
FFTT,FFTF,FTTF,0.7224
FFTT,FFTF,FTTT,0.7710
FFTT,FFTF,TFFF,0.7710
FFTT,FFTF,TFFT,0.7224
FFTT,FFTF,TFTF,0.8396
FFTT,FFTF,TFTT,0.7265
FFTT,FFTF,TTFF,0.7224
FFTT,FFTF,TTFT,0.7265
FFTT,FFTF,TTTF,0.7265
FFTT,FFTF,TTTT,0.9616
FFTT,FFTT,FFFF,0.9082
FFTT,FFTT,FFFT,0.7224
FFTT,FFTT,FFTF,0.7224
FFTT,FFTT,FFTT,0.3964
FFTT,FFTT,FTFF,0.7224
FFTT,FFTT,FTFT,0.5037
FFTT,FFTT,FTTF,0.3964
FFTT,FFTT,FTTT,0.7011
FFTT,FFTT,TFFF,0.7011
FFTT,FFTT,TFFT,0.3964
FFTT,FFTT,TFTF,0.5037
FFTT,FFTT,TFTT,0.7224
FFTT,FFTT,TTFF,0.3964
FFTT,FFTT,TTFT,0.7224
FFTT,FFTT,TTTF,0.7224
FFTT,FFTT,TTTT,0.9082
FFTT,FTFF,FFFF,0.9616
FFTT,FTFF,FFFT,0.7265
FFTT,FTFF,FFTF,0.7265
FFTT,FTFF,FFTT,0.7224
FFTT,FTFF,FTFF,0.7265
FFTT,FTFF,FTFT,0.8396
FFTT,FTFF,FTTF,0.7224
FFTT,FTFF,FTTT,0.7710
FFTT,FTFF,TFFF,0.7710
FFTT,FTFF,TFFT,0.7224
FFTT,FTFF,TFTF,0.8396
FFTT,FTFF,TFTT,0.7265
FFTT,FTFF,TTFF,0.7224
FFTT,FTFF,TTFT,0.7265
FFTT,FTFF,TTTF,0.7265
FFTT,FTFF,TTTT,0.9616
FFTT,FTFT,FFFF,0.9776
FFTT,FTFT,FFFT,0.8396
FFTT,FTFT,FFTF,0.8396
FFTT,FTFT,FFTT,0.5037
FFTT,FTFT,FTFF,0.8396
FFTT,FTFT,FTFT,0.4810
FFTT,FTFT,FTTF,0.5037
FFTT,FTFT,FTTT,0.8428
FFTT,FTFT,TFFF,0.8428
FFTT,FTFT,TFFT,0.5037
FFTT,FTFT,TFTF,0.4810
FFTT,FTFT,TFTT,0.8396
FFTT,FTFT,TTFF,0.5037
FFTT,FTFT,TTFT,0.8396
FFTT,FTFT,TTTF,0.8396
FFTT,FTFT,TTTT,0.9776
FFTT,FTTF,FFFF,0.9082
FFTT,FTTF,FFFT,0.7224
FFTT,FTTF,FFTF,0.7224
FFTT,FTTF,FFTT,0.3964
FFTT,FTTF,FTFF,0.7224
FFTT,FTTF,FTFT,0.5037
FFTT,FTTF,FTTF,0.3964
FFTT,FTTF,FTTT,0.7011
FFTT,FTTF,TFFF,0.7011
FFTT,FTTF,TFFT,0.3964
FFTT,FTTF,TFTF,0.5037
FFTT,FTTF,TFTT,0.7224
FFTT,FTTF,TTFF,0.3964
FFTT,FTTF,TTFT,0.7224
FFTT,FTTF,TTTF,0.7224
FFTT,FTTF,TTTT,0.9082
FFTT,FTTT,FFFF,0.9016
FFTT,FTTT,FFFT,0.7710
FFTT,FTTT,FFTF,0.7710
FFTT,FTTT,FFTT,0.7011
FFTT,FTTT,FTFF,0.7710
FFTT,FTTT,FTFT,0.8428
FFTT,FTTT,FTTF,0.7011
FFTT,FTTT,FTTT,0.7136
FFTT,FTTT,TFFF,0.7136
FFTT,FTTT,TFFT,0.7011
FFTT,FTTT,TFTF,0.8428
FFTT,FTTT,TFTT,0.7710
FFTT,FTTT,TTFF,0.7011
FFTT,FTTT,TTFT,0.7710
FFTT,FTTT,TTTF,0.7710
FFTT,FTTT,TTTT,0.9016
FFTT,TFFF,FFFF,0.9016
FFTT,TFFF,FFFT,0.7710
FFTT,TFFF,FFTF,0.7710
FFTT,TFFF,FFTT,0.7011
FFTT,TFFF,FTFF,0.7710
FFTT,TFFF,FTFT,0.8428
FFTT,TFFF,FTTF,0.7011
FFTT,TFFF,FTTT,0.7136
FFTT,TFFF,TFFF,0.7136
FFTT,TFFF,TFFT,0.7011
FFTT,TFFF,TFTF,0.8428
FFTT,TFFF,TFTT,0.7710
FFTT,TFFF,TTFF,0.7011
FFTT,TFFF,TTFT,0.7710
FFTT,TFFF,TTTF,0.7710
FFTT,TFFF,TTTT,0.9016
FFTT,TFFT,FFFF,0.9082
FFTT,TFFT,FFFT,0.7224
FFTT,TFFT,FFTF,0.7224
FFTT,TFFT,FFTT,0.3964
FFTT,TFFT,FTFF,0.7224
FFTT,TFFT,FTFT,0.5037
FFTT,TFFT,FTTF,0.3964
FFTT,TFFT,FTTT,0.7011
FFTT,TFFT,TFFF,0.7011
FFTT,TFFT,TFFT,0.3964
FFTT,TFFT,TFTF,0.5037
FFTT,TFFT,TFTT,0.7224
FFTT,TFFT,TTFF,0.3964
FFTT,TFFT,TTFT,0.7224
FFTT,TFFT,TTTF,0.7224
FFTT,TFFT,TTTT,0.9082
FFTT,TFTF,FFFF,0.9776
FFTT,TFTF,FFFT,0.8396
FFTT,TFTF,FFTF,0.8396
FFTT,TFTF,FFTT,0.5037
FFTT,TFTF,FTFF,0.8396
FFTT,TFTF,FTFT,0.4810
FFTT,TFTF,FTTF,0.5037
FFTT,TFTF,FTTT,0.8428
FFTT,TFTF,TFFF,0.8428
FFTT,TFTF,TFFT,0.5037
FFTT,TFTF,TFTF,0.4810
FFTT,TFTF,TFTT,0.8396
FFTT,TFTF,TTFF,0.5037
FFTT,TFTF,TTFT,0.8396
FFTT,TFTF,TTTF,0.8396
FFTT,TFTF,TTTT,0.9776
FFTT,TFTT,FFFF,0.9616
FFTT,TFTT,FFFT,0.7265
FFTT,TFTT,FFTF,0.7265
FFTT,TFTT,FFTT,0.7224
FFTT,TFTT,FTFF,0.7265
FFTT,TFTT,FTFT,0.8396
FFTT,TFTT,FTTF,0.7224
FFTT,TFTT,FTTT,0.7710
FFTT,TFTT,TFFF,0.7710
FFTT,TFTT,TFFT,0.7224
FFTT,TFTT,TFTF,0.8396
FFTT,TFTT,TFTT,0.7265
FFTT,TFTT,TTFF,0.7224
FFTT,TFTT,TTFT,0.7265
FFTT,TFTT,TTTF,0.7265
FFTT,TFTT,TTTT,0.9616
FFTT,TTFF,FFFF,0.9082
FFTT,TTFF,FFFT,0.7224
FFTT,TTFF,FFTF,0.7224
FFTT,TTFF,FFTT,0.3964
FFTT,TTFF,FTFF,0.7224
FFTT,TTFF,FTFT,0.5037
FFTT,TTFF,FTTF,0.3964
FFTT,TTFF,FTTT,0.7011
FFTT,TTFF,TFFF,0.7011
FFTT,TTFF,TFFT,0.3964
FFTT,TTFF,TFTF,0.5037
FFTT,TTFF,TFTT,0.7224
FFTT,TTFF,TTFF,0.3964
FFTT,TTFF,TTFT,0.7224
FFTT,TTFF,TTTF,0.7224
FFTT,TTFF,TTTT,0.9082
FFTT,TTFT,FFFF,0.9616
FFTT,TTFT,FFFT,0.7265
FFTT,TTFT,FFTF,0.7265
FFTT,TTFT,FFTT,0.7224
FFTT,TTFT,FTFF,0.7265
FFTT,TTFT,FTFT,0.8396
FFTT,TTFT,FTTF,0.7224
FFTT,TTFT,FTTT,0.7710
FFTT,TTFT,TFFF,0.7710
FFTT,TTFT,TFFT,0.7224
FFTT,TTFT,TFTF,0.8396
FFTT,TTFT,TFTT,0.7265
FFTT,TTFT,TTFF,0.7224
FFTT,TTFT,TTFT,0.7265
FFTT,TTFT,TTTF,0.7265
FFTT,TTFT,TTTT,0.9616
FFTT,TTTF,FFFF,0.9616
FFTT,TTTF,FFFT,0.7265
FFTT,TTTF,FFTF,0.7265
FFTT,TTTF,FFTT,0.7224
FFTT,TTTF,FTFF,0.7265
FFTT,TTTF,FTFT,0.8396
FFTT,TTTF,FTTF,0.7224
FFTT,TTTF,FTTT,0.7710
FFTT,TTTF,TFFF,0.7710
FFTT,TTTF,TFFT,0.7224
FFTT,TTTF,TFTF,0.8396
FFTT,TTTF,TFTT,0.7265
FFTT,TTTF,TTFF,0.7224
FFTT,TTTF,TTFT,0.7265
FFTT,TTTF,TTTF,0.7265
FFTT,TTTF,TTTT,0.9616
FFTT,TTTT,FFFF,0.9636
FFTT,TTTT,FFFT,0.9616
FFTT,TTTT,FFTF,0.9616
FFTT,TTTT,FFTT,0.9082
FFTT,TTTT,FTFF,0.9616
FFTT,TTTT,FTFT,0.9776
FFTT,TTTT,FTTF,0.9082
FFTT,TTTT,FTTT,0.9016
FFTT,TTTT,TFFF,0.9016
FFTT,TTTT,TFFT,0.9082
FFTT,TTTT,TFTF,0.9776
FFTT,TTTT,TFTT,0.9616
FFTT,TTTT,TTFF,0.9082
FFTT,TTTT,TTFT,0.9616
FFTT,TTTT,TTTF,0.9616
FFTT,TTTT,TTTT,0.9636
FTFF,FFFF,FFFF,1.0049
FTFF,FFFF,FFFT,0.9669
FTFF,FFFF,FFTF,0.9669
FTFF,FFFF,FFTT,0.9616
FTFF,FFFF,FTFF,0.9669
FTFF,FFFF,FTFT,0.9815
FTFF,FFFF,FTTF,0.9616
FTFF,FFFF,FTTT,0.9627
FTFF,FFFF,TFFF,0.9627
FTFF,FFFF,TFFT,0.9616
FTFF,FFFF,TFTF,0.9815
FTFF,FFFF,TFTT,0.9669
FTFF,FFFF,TTFF,0.9616
FTFF,FFFF,TTFT,0.9669
FTFF,FFFF,TTTF,0.9669
FTFF,FFFF,TTTT,1.0049
FTFF,FFFT,FFFF,0.9669
FTFF,FFFT,FFFT,0.7131
FTFF,FFFT,FFTF,0.7131
FTFF,FFFT,FFTT,0.7265
FTFF,FFFT,FTFF,0.7131
FTFF,FFFT,FTFT,0.8716
FTFF,FFFT,FTTF,0.7265
FTFF,FFFT,FTTT,0.7822
FTFF,FFFT,TFFF,0.7822
FTFF,FFFT,TFFT,0.7265
FTFF,FFFT,TFTF,0.8716
FTFF,FFFT,TFTT,0.7131
FTFF,FFFT,TTFF,0.7265
FTFF,FFFT,TTFT,0.7131
FTFF,FFFT,TTTF,0.7131
FTFF,FFFT,TTTT,0.9669
FTFF,FFTF,FFFF,0.9669
FTFF,FFTF,FFFT,0.7131
FTFF,FFTF,FFTF,0.7131
FTFF,FFTF,FFTT,0.7265
FTFF,FFTF,FTFF,0.7131
FTFF,FFTF,FTFT,0.8716
FTFF,FFTF,FTTF,0.7265
FTFF,FFTF,FTTT,0.7822
FTFF,FFTF,TFFF,0.7822
FTFF,FFTF,TFFT,0.7265
FTFF,FFTF,TFTF,0.8716
FTFF,FFTF,TFTT,0.7131
FTFF,FFTF,TTFF,0.7265
FTFF,FFTF,TTFT,0.7131
FTFF,FFTF,TTTF,0.7131
FTFF,FFTF,TTTT,0.9669
FTFF,FFTT,FFFF,0.9616
FTFF,FFTT,FFFT,0.7265
FTFF,FFTT,FFTF,0.7265
FTFF,FFTT,FFTT,0.7224
FTFF,FFTT,FTFF,0.7265
FTFF,FFTT,FTFT,0.8396
FTFF,FFTT,FTTF,0.7224
FTFF,FFTT,FTTT,0.7710
FTFF,FFTT,TFFF,0.7710
FTFF,FFTT,TFFT,0.7224
FTFF,FFTT,TFTF,0.8396
FTFF,FFTT,TFTT,0.7265
FTFF,FFTT,TTFF,0.7224
FTFF,FFTT,TTFT,0.7265
FTFF,FFTT,TTTF,0.7265
FTFF,FFTT,TTTT,0.9616
FTFF,FTFF,FFFF,0.9669
FTFF,FTFF,FFFT,0.7131
FTFF,FTFF,FFTF,0.7131
FTFF,FTFF,FFTT,0.7265
FTFF,FTFF,FTFF,0.7131
FTFF,FTFF,FTFT,0.8716
FTFF,FTFF,FTTF,0.7265
FTFF,FTFF,FTTT,0.7822
FTFF,FTFF,TFFF,0.7822
FTFF,FTFF,TFFT,0.7265
FTFF,FTFF,TFTF,0.8716
FTFF,FTFF,TFTT,0.7131
FTFF,FTFF,TTFF,0.7265
FTFF,FTFF,TTFT,0.7131
FTFF,FTFF,TTTF,0.7131
FTFF,FTFF,TTTT,0.9669
FTFF,FTFT,FFFF,0.9815
FTFF,FTFT,FFFT,0.8716
FTFF,FTFT,FFTF,0.8716
FTFF,FTFT,FFTT,0.8396
FTFF,FTFT,FTFF,0.8716
FTFF,FTFT,FTFT,0.8561
FTFF,FTFT,FTTF,0.8396
FTFF,FTFT,FTTT,0.8708
FTFF,FTFT,TFFF,0.8708
FTFF,FTFT,TFFT,0.8396
FTFF,FTFT,TFTF,0.8561
FTFF,FTFT,TFTT,0.8716
FTFF,FTFT,TTFF,0.8396
FTFF,FTFT,TTFT,0.8716
FTFF,FTFT,TTTF,0.8716
FTFF,FTFT,TTTT,0.9815
FTFF,FTTF,FFFF,0.9616
FTFF,FTTF,FFFT,0.7265
FTFF,FTTF,FFTF,0.7265
FTFF,FTTF,FFTT,0.7224
FTFF,FTTF,FTFF,0.7265
FTFF,FTTF,FTFT,0.8396
FTFF,FTTF,FTTF,0.7224
FTFF,FTTF,FTTT,0.7710
FTFF,FTTF,TFFF,0.7710
FTFF,FTTF,TFFT,0.7224
FTFF,FTTF,TFTF,0.8396
FTFF,FTTF,TFTT,0.7265
FTFF,FTTF,TTFF,0.7224
FTFF,FTTF,TTFT,0.7265
FTFF,FTTF,TTTF,0.7265
FTFF,FTTF,TTTT,0.9616
FTFF,FTTT,FFFF,0.9627
FTFF,FTTT,FFFT,0.7822
FTFF,FTTT,FFTF,0.7822
FTFF,FTTT,FFTT,0.7710
FTFF,FTTT,FTFF,0.7822
FTFF,FTTT,FTFT,0.8708
FTFF,FTTT,FTTF,0.7710
FTFF,FTTT,FTTT,0.7914
FTFF,FTTT,TFFF,0.7914
FTFF,FTTT,TFFT,0.7710
FTFF,FTTT,TFTF,0.8708
FTFF,FTTT,TFTT,0.7822
FTFF,FTTT,TTFF,0.7710
FTFF,FTTT,TTFT,0.7822
FTFF,FTTT,TTTF,0.7822
FTFF,FTTT,TTTT,0.9627
FTFF,TFFF,FFFF,0.9627
FTFF,TFFF,FFFT,0.7822
FTFF,TFFF,FFTF,0.7822
FTFF,TFFF,FFTT,0.7710
FTFF,TFFF,FTFF,0.7822
FTFF,TFFF,FTFT,0.8708
FTFF,TFFF,FTTF,0.7710
FTFF,TFFF,FTTT,0.7914
FTFF,TFFF,TFFF,0.7914
FTFF,TFFF,TFFT,0.7710
FTFF,TFFF,TFTF,0.8708
FTFF,TFFF,TFTT,0.7822
FTFF,TFFF,TTFF,0.7710
FTFF,TFFF,TTFT,0.7822
FTFF,TFFF,TTTF,0.7822
FTFF,TFFF,TTTT,0.9627
FTFF,TFFT,FFFF,0.9616
FTFF,TFFT,FFFT,0.7265
FTFF,TFFT,FFTF,0.7265
FTFF,TFFT,FFTT,0.7224
FTFF,TFFT,FTFF,0.7265
FTFF,TFFT,FTFT,0.8396
FTFF,TFFT,FTTF,0.7224
FTFF,TFFT,FTTT,0.7710
FTFF,TFFT,TFFF,0.7710
FTFF,TFFT,TFFT,0.7224
FTFF,TFFT,TFTF,0.8396
FTFF,TFFT,TFTT,0.7265
FTFF,TFFT,TTFF,0.7224
FTFF,TFFT,TTFT,0.7265
FTFF,TFFT,TTTF,0.7265
FTFF,TFFT,TTTT,0.9616
FTFF,TFTF,FFFF,0.9815
FTFF,TFTF,FFFT,0.8716
FTFF,TFTF,FFTF,0.8716
FTFF,TFTF,FFTT,0.8396
FTFF,TFTF,FTFF,0.8716
FTFF,TFTF,FTFT,0.8561
FTFF,TFTF,FTTF,0.8396
FTFF,TFTF,FTTT,0.8708
FTFF,TFTF,TFFF,0.8708
FTFF,TFTF,TFFT,0.8396
FTFF,TFTF,TFTF,0.8561
FTFF,TFTF,TFTT,0.8716
FTFF,TFTF,TTFF,0.8396
FTFF,TFTF,TTFT,0.8716
FTFF,TFTF,TTTF,0.8716
FTFF,TFTF,TTTT,0.9815
FTFF,TFTT,FFFF,0.9669
FTFF,TFTT,FFFT,0.7131
FTFF,TFTT,FFTF,0.7131
FTFF,TFTT,FFTT,0.7265
FTFF,TFTT,FTFF,0.7131
FTFF,TFTT,FTFT,0.8716
FTFF,TFTT,FTTF,0.7265
FTFF,TFTT,FTTT,0.7822
FTFF,TFTT,TFFF,0.7822
FTFF,TFTT,TFFT,0.7265
FTFF,TFTT,TFTF,0.8716
FTFF,TFTT,TFTT,0.7131
FTFF,TFTT,TTFF,0.7265
FTFF,TFTT,TTFT,0.7131
FTFF,TFTT,TTTF,0.7131
FTFF,TFTT,TTTT,0.9669
FTFF,TTFF,FFFF,0.9616
FTFF,TTFF,FFFT,0.7265
FTFF,TTFF,FFTF,0.7265
FTFF,TTFF,FFTT,0.7224
FTFF,TTFF,FTFF,0.7265
FTFF,TTFF,FTFT,0.8396
FTFF,TTFF,FTTF,0.7224
FTFF,TTFF,FTTT,0.7710
FTFF,TTFF,TFFF,0.7710
FTFF,TTFF,TFFT,0.7224
FTFF,TTFF,TFTF,0.8396
FTFF,TTFF,TFTT,0.7265
FTFF,TTFF,TTFF,0.7224
FTFF,TTFF,TTFT,0.7265
FTFF,TTFF,TTTF,0.7265
FTFF,TTFF,TTTT,0.9616
FTFF,TTFT,FFFF,0.9669
FTFF,TTFT,FFFT,0.7131
FTFF,TTFT,FFTF,0.7131
FTFF,TTFT,FFTT,0.7265
FTFF,TTFT,FTFF,0.7131
FTFF,TTFT,FTFT,0.8716
FTFF,TTFT,FTTF,0.7265
FTFF,TTFT,FTTT,0.7822
FTFF,TTFT,TFFF,0.7822
FTFF,TTFT,TFFT,0.7265
FTFF,TTFT,TFTF,0.8716
FTFF,TTFT,TFTT,0.7131
FTFF,TTFT,TTFF,0.7265
FTFF,TTFT,TTFT,0.7131
FTFF,TTFT,TTTF,0.7131
FTFF,TTFT,TTTT,0.9669
FTFF,TTTF,FFFF,0.9669
FTFF,TTTF,FFFT,0.7131
FTFF,TTTF,FFTF,0.7131
FTFF,TTTF,FFTT,0.7265
FTFF,TTTF,FTFF,0.7131
FTFF,TTTF,FTFT,0.8716
FTFF,TTTF,FTTF,0.7265
FTFF,TTTF,FTTT,0.7822
FTFF,TTTF,TFFF,0.7822
FTFF,TTTF,TFFT,0.7265
FTFF,TTTF,TFTF,0.8716
FTFF,TTTF,TFTT,0.7131
FTFF,TTTF,TTFF,0.7265
FTFF,TTTF,TTFT,0.7131
FTFF,TTTF,TTTF,0.7131
FTFF,TTTF,TTTT,0.9669
FTFF,TTTT,FFFF,1.0049
FTFF,TTTT,FFFT,0.9669
FTFF,TTTT,FFTF,0.9669
FTFF,TTTT,FFTT,0.9616
FTFF,TTTT,FTFF,0.9669
FTFF,TTTT,FTFT,0.9815
FTFF,TTTT,FTTF,0.9616
FTFF,TTTT,FTTT,0.9627
FTFF,TTTT,TFFF,0.9627
FTFF,TTTT,TFFT,0.9616
FTFF,TTTT,TFTF,0.9815
FTFF,TTTT,TFTT,0.9669
FTFF,TTTT,TTFF,0.9616
FTFF,TTTT,TTFT,0.9669
FTFF,TTTT,TTTF,0.9669
FTFF,TTTT,TTTT,1.0049
FTFT,FFFF,FFFF,1.0177
FTFT,FFFF,FFFT,0.9815
FTFT,FFFF,FFTF,0.9815
FTFT,FFFF,FFTT,0.9776
FTFT,FFFF,FTFF,0.9815
FTFT,FFFF,FTFT,0.9905
FTFT,FFFF,FTTF,0.9776
FTFT,FFFF,FTTT,0.9803
FTFT,FFFF,TFFF,0.9803
FTFT,FFFF,TFFT,0.9776
FTFT,FFFF,TFTF,0.9905
FTFT,FFFF,TFTT,0.9815
FTFT,FFFF,TTFF,0.9776
FTFT,FFFF,TTFT,0.9815
FTFT,FFFF,TTTF,0.9815
FTFT,FFFF,TTTT,1.0177
FTFT,FFFT,FFFF,0.9815
FTFT,FFFT,FFFT,0.8716
FTFT,FFFT,FFTF,0.8716
FTFT,FFFT,FFTT,0.8396
FTFT,FFFT,FTFF,0.8716
FTFT,FFFT,FTFT,0.8561
FTFT,FFFT,FTTF,0.8396
FTFT,FFFT,FTTT,0.8708
FTFT,FFFT,TFFF,0.8708
FTFT,FFFT,TFFT,0.8396
FTFT,FFFT,TFTF,0.8561
FTFT,FFFT,TFTT,0.8716
FTFT,FFFT,TTFF,0.8396
FTFT,FFFT,TTFT,0.8716
FTFT,FFFT,TTTF,0.8716
FTFT,FFFT,TTTT,0.9815
FTFT,FFTF,FFFF,0.9815
FTFT,FFTF,FFFT,0.8716
FTFT,FFTF,FFTF,0.8716
FTFT,FFTF,FFTT,0.8396
FTFT,FFTF,FTFF,0.8716
FTFT,FFTF,FTFT,0.8561
FTFT,FFTF,FTTF,0.8396
FTFT,FFTF,FTTT,0.8708
FTFT,FFTF,TFFF,0.8708
FTFT,FFTF,TFFT,0.8396
FTFT,FFTF,TFTF,0.8561
FTFT,FFTF,TFTT,0.8716
FTFT,FFTF,TTFF,0.8396
FTFT,FFTF,TTFT,0.8716
FTFT,FFTF,TTTF,0.8716
FTFT,FFTF,TTTT,0.9815
FTFT,FFTT,FFFF,0.9776
FTFT,FFTT,FFFT,0.8396
FTFT,FFTT,FFTF,0.8396
FTFT,FFTT,FFTT,0.5037
FTFT,FFTT,FTFF,0.8396
FTFT,FFTT,FTFT,0.4810
FTFT,FFTT,FTTF,0.5037
FTFT,FFTT,FTTT,0.8428
FTFT,FFTT,TFFF,0.8428
FTFT,FFTT,TFFT,0.5037
FTFT,FFTT,TFTF,0.4810
FTFT,FFTT,TFTT,0.8396
FTFT,FFTT,TTFF,0.5037
FTFT,FFTT,TTFT,0.8396
FTFT,FFTT,TTTF,0.8396
FTFT,FFTT,TTTT,0.9776
FTFT,FTFF,FFFF,0.9815
FTFT,FTFF,FFFT,0.8716
FTFT,FTFF,FFTF,0.8716
FTFT,FTFF,FFTT,0.8396
FTFT,FTFF,FTFF,0.8716
FTFT,FTFF,FTFT,0.8561
FTFT,FTFF,FTTF,0.8396
FTFT,FTFF,FTTT,0.8708
FTFT,FTFF,TFFF,0.8708
FTFT,FTFF,TFFT,0.8396
FTFT,FTFF,TFTF,0.8561
FTFT,FTFF,TFTT,0.8716
FTFT,FTFF,TTFF,0.8396
FTFT,FTFF,TTFT,0.8716
FTFT,FTFF,TTTF,0.8716
FTFT,FTFF,TTTT,0.9815
FTFT,FTFT,FFFF,0.9905
FTFT,FTFT,FFFT,0.8561
FTFT,FTFT,FFTF,0.8561
FTFT,FTFT,FFTT,0.4810
FTFT,FTFT,FTFF,0.8561
FTFT,FTFT,FTFT,0.4632
FTFT,FTFT,FTTF,0.4810
FTFT,FTFT,FTTT,0.8611
FTFT,FTFT,TFFF,0.8611
FTFT,FTFT,TFFT,0.4810
FTFT,FTFT,TFTF,0.4632
FTFT,FTFT,TFTT,0.8561
FTFT,FTFT,TTFF,0.4810
FTFT,FTFT,TTFT,0.8561
FTFT,FTFT,TTTF,0.8561
FTFT,FTFT,TTTT,0.9905
FTFT,FTTF,FFFF,0.9776
FTFT,FTTF,FFFT,0.8396
FTFT,FTTF,FFTF,0.8396
FTFT,FTTF,FFTT,0.5037
FTFT,FTTF,FTFF,0.8396
FTFT,FTTF,FTFT,0.4810
FTFT,FTTF,FTTF,0.5037
FTFT,FTTF,FTTT,0.8428
FTFT,FTTF,TFFF,0.8428
FTFT,FTTF,TFFT,0.5037
FTFT,FTTF,TFTF,0.4810
FTFT,FTTF,TFTT,0.8396
FTFT,FTTF,TTFF,0.5037
FTFT,FTTF,TTFT,0.8396
FTFT,FTTF,TTTF,0.8396
FTFT,FTTF,TTTT,0.9776
FTFT,FTTT,FFFF,0.9803
FTFT,FTTT,FFFT,0.8708
FTFT,FTTT,FFTF,0.8708
FTFT,FTTT,FFTT,0.8428
FTFT,FTTT,FTFF,0.8708
FTFT,FTTT,FTFT,0.8611
FTFT,FTTT,FTTF,0.8428
FTFT,FTTT,FTTT,0.8747
FTFT,FTTT,TFFF,0.8747
FTFT,FTTT,TFFT,0.8428
FTFT,FTTT,TFTF,0.8611
FTFT,FTTT,TFTT,0.8708
FTFT,FTTT,TTFF,0.8428
FTFT,FTTT,TTFT,0.8708
FTFT,FTTT,TTTF,0.8708
FTFT,FTTT,TTTT,0.9803
FTFT,TFFF,FFFF,0.9803
FTFT,TFFF,FFFT,0.8708
FTFT,TFFF,FFTF,0.8708
FTFT,TFFF,FFTT,0.8428
FTFT,TFFF,FTFF,0.8708
FTFT,TFFF,FTFT,0.8611
FTFT,TFFF,FTTF,0.8428
FTFT,TFFF,FTTT,0.8747
FTFT,TFFF,TFFF,0.8747
FTFT,TFFF,TFFT,0.8428
FTFT,TFFF,TFTF,0.8611
FTFT,TFFF,TFTT,0.8708
FTFT,TFFF,TTFF,0.8428
FTFT,TFFF,TTFT,0.8708
FTFT,TFFF,TTTF,0.8708
FTFT,TFFF,TTTT,0.9803
FTFT,TFFT,FFFF,0.9776
FTFT,TFFT,FFFT,0.8396
FTFT,TFFT,FFTF,0.8396
FTFT,TFFT,FFTT,0.5037
FTFT,TFFT,FTFF,0.8396
FTFT,TFFT,FTFT,0.4810
FTFT,TFFT,FTTF,0.5037
FTFT,TFFT,FTTT,0.8428
FTFT,TFFT,TFFF,0.8428
FTFT,TFFT,TFFT,0.5037
FTFT,TFFT,TFTF,0.4810
FTFT,TFFT,TFTT,0.8396
FTFT,TFFT,TTFF,0.5037
FTFT,TFFT,TTFT,0.8396
FTFT,TFFT,TTTF,0.8396
FTFT,TFFT,TTTT,0.9776
FTFT,TFTF,FFFF,0.9905
FTFT,TFTF,FFFT,0.8561
FTFT,TFTF,FFTF,0.8561
FTFT,TFTF,FFTT,0.4810
FTFT,TFTF,FTFF,0.8561
FTFT,TFTF,FTFT,0.4632
FTFT,TFTF,FTTF,0.4810
FTFT,TFTF,FTTT,0.8611
FTFT,TFTF,TFFF,0.8611
FTFT,TFTF,TFFT,0.4810
FTFT,TFTF,TFTF,0.4632
FTFT,TFTF,TFTT,0.8561
FTFT,TFTF,TTFF,0.4810
FTFT,TFTF,TTFT,0.8561
FTFT,TFTF,TTTF,0.8561
FTFT,TFTF,TTTT,0.9905
FTFT,TFTT,FFFF,0.9815
FTFT,TFTT,FFFT,0.8716
FTFT,TFTT,FFTF,0.8716
FTFT,TFTT,FFTT,0.8396
FTFT,TFTT,FTFF,0.8716
FTFT,TFTT,FTFT,0.8561
FTFT,TFTT,FTTF,0.8396
FTFT,TFTT,FTTT,0.8708
FTFT,TFTT,TFFF,0.8708
FTFT,TFTT,TFFT,0.8396
FTFT,TFTT,TFTF,0.8561
FTFT,TFTT,TFTT,0.8716
FTFT,TFTT,TTFF,0.8396
FTFT,TFTT,TTFT,0.8716
FTFT,TFTT,TTTF,0.8716
FTFT,TFTT,TTTT,0.9815
FTFT,TTFF,FFFF,0.9776
FTFT,TTFF,FFFT,0.8396
FTFT,TTFF,FFTF,0.8396
FTFT,TTFF,FFTT,0.5037
FTFT,TTFF,FTFF,0.8396
FTFT,TTFF,FTFT,0.4810
FTFT,TTFF,FTTF,0.5037
FTFT,TTFF,FTTT,0.8428
FTFT,TTFF,TFFF,0.8428
FTFT,TTFF,TFFT,0.5037
FTFT,TTFF,TFTF,0.4810
FTFT,TTFF,TFTT,0.8396
FTFT,TTFF,TTFF,0.5037
FTFT,TTFF,TTFT,0.8396
FTFT,TTFF,TTTF,0.8396
FTFT,TTFF,TTTT,0.9776
FTFT,TTFT,FFFF,0.9815
FTFT,TTFT,FFFT,0.8716
FTFT,TTFT,FFTF,0.8716
FTFT,TTFT,FFTT,0.8396
FTFT,TTFT,FTFF,0.8716
FTFT,TTFT,FTFT,0.8561
FTFT,TTFT,FTTF,0.8396
FTFT,TTFT,FTTT,0.8708
FTFT,TTFT,TFFF,0.8708
FTFT,TTFT,TFFT,0.8396
FTFT,TTFT,TFTF,0.8561
FTFT,TTFT,TFTT,0.8716
FTFT,TTFT,TTFF,0.8396
FTFT,TTFT,TTFT,0.8716
FTFT,TTFT,TTTF,0.8716
FTFT,TTFT,TTTT,0.9815
FTFT,TTTF,FFFF,0.9815
FTFT,TTTF,FFFT,0.8716
FTFT,TTTF,FFTF,0.8716
FTFT,TTTF,FFTT,0.8396
FTFT,TTTF,FTFF,0.8716
FTFT,TTTF,FTFT,0.8561
FTFT,TTTF,FTTF,0.8396
FTFT,TTTF,FTTT,0.8708
FTFT,TTTF,TFFF,0.8708
FTFT,TTTF,TFFT,0.8396
FTFT,TTTF,TFTF,0.8561
FTFT,TTTF,TFTT,0.8716
FTFT,TTTF,TTFF,0.8396
FTFT,TTTF,TTFT,0.8716
FTFT,TTTF,TTTF,0.8716
FTFT,TTTF,TTTT,0.9815
FTFT,TTTT,FFFF,1.0177
FTFT,TTTT,FFFT,0.9815
FTFT,TTTT,FFTF,0.9815
FTFT,TTTT,FFTT,0.9776
FTFT,TTTT,FTFF,0.9815
FTFT,TTTT,FTFT,0.9905
FTFT,TTTT,FTTF,0.9776
FTFT,TTTT,FTTT,0.9803
FTFT,TTTT,TFFF,0.9803
FTFT,TTTT,TFFT,0.9776
FTFT,TTTT,TFTF,0.9905
FTFT,TTTT,TFTT,0.9815
FTFT,TTTT,TTFF,0.9776
FTFT,TTTT,TTFT,0.9815
FTFT,TTTT,TTTF,0.9815
FTFT,TTTT,TTTT,1.0177
FTTF,FFFF,FFFF,0.9636
FTTF,FFFF,FFFT,0.9616
FTTF,FFFF,FFTF,0.9616
FTTF,FFFF,FFTT,0.9082
FTTF,FFFF,FTFF,0.9616
FTTF,FFFF,FTFT,0.9776
FTTF,FFFF,FTTF,0.9082
FTTF,FFFF,FTTT,0.9016
FTTF,FFFF,TFFF,0.9016
FTTF,FFFF,TFFT,0.9082
FTTF,FFFF,TFTF,0.9776
FTTF,FFFF,TFTT,0.9616
FTTF,FFFF,TTFF,0.9082
FTTF,FFFF,TTFT,0.9616
FTTF,FFFF,TTTF,0.9616
FTTF,FFFF,TTTT,0.9636
FTTF,FFFT,FFFF,0.9616
FTTF,FFFT,FFFT,0.7265
FTTF,FFFT,FFTF,0.7265
FTTF,FFFT,FFTT,0.7224
FTTF,FFFT,FTFF,0.7265
FTTF,FFFT,FTFT,0.8396
FTTF,FFFT,FTTF,0.7224
FTTF,FFFT,FTTT,0.7710
FTTF,FFFT,TFFF,0.7710
FTTF,FFFT,TFFT,0.7224
FTTF,FFFT,TFTF,0.8396
FTTF,FFFT,TFTT,0.7265
FTTF,FFFT,TTFF,0.7224
FTTF,FFFT,TTFT,0.7265
FTTF,FFFT,TTTF,0.7265
FTTF,FFFT,TTTT,0.9616
FTTF,FFTF,FFFF,0.9616
FTTF,FFTF,FFFT,0.7265
FTTF,FFTF,FFTF,0.7265
FTTF,FFTF,FFTT,0.7224
FTTF,FFTF,FTFF,0.7265
FTTF,FFTF,FTFT,0.8396
FTTF,FFTF,FTTF,0.7224
FTTF,FFTF,FTTT,0.7710
FTTF,FFTF,TFFF,0.7710
FTTF,FFTF,TFFT,0.7224
FTTF,FFTF,TFTF,0.8396
FTTF,FFTF,TFTT,0.7265
FTTF,FFTF,TTFF,0.7224
FTTF,FFTF,TTFT,0.7265
FTTF,FFTF,TTTF,0.7265
FTTF,FFTF,TTTT,0.9616
FTTF,FFTT,FFFF,0.9082
FTTF,FFTT,FFFT,0.7224
FTTF,FFTT,FFTF,0.7224
FTTF,FFTT,FFTT,0.3964
FTTF,FFTT,FTFF,0.7224
FTTF,FFTT,FTFT,0.5037
FTTF,FFTT,FTTF,0.3964
FTTF,FFTT,FTTT,0.7011
FTTF,FFTT,TFFF,0.7011
FTTF,FFTT,TFFT,0.3964
FTTF,FFTT,TFTF,0.5037
FTTF,FFTT,TFTT,0.7224
FTTF,FFTT,TTFF,0.3964
FTTF,FFTT,TTFT,0.7224
FTTF,FFTT,TTTF,0.7224
FTTF,FFTT,TTTT,0.9082
FTTF,FTFF,FFFF,0.9616
FTTF,FTFF,FFFT,0.7265
FTTF,FTFF,FFTF,0.7265
FTTF,FTFF,FFTT,0.7224
FTTF,FTFF,FTFF,0.7265
FTTF,FTFF,FTFT,0.8396
FTTF,FTFF,FTTF,0.7224
FTTF,FTFF,FTTT,0.7710
FTTF,FTFF,TFFF,0.7710
FTTF,FTFF,TFFT,0.7224
FTTF,FTFF,TFTF,0.8396
FTTF,FTFF,TFTT,0.7265
FTTF,FTFF,TTFF,0.7224
FTTF,FTFF,TTFT,0.7265
FTTF,FTFF,TTTF,0.7265
FTTF,FTFF,TTTT,0.9616
FTTF,FTFT,FFFF,0.9776
FTTF,FTFT,FFFT,0.8396
FTTF,FTFT,FFTF,0.8396
FTTF,FTFT,FFTT,0.5037
FTTF,FTFT,FTFF,0.8396
FTTF,FTFT,FTFT,0.4810
FTTF,FTFT,FTTF,0.5037
FTTF,FTFT,FTTT,0.8428
FTTF,FTFT,TFFF,0.8428
FTTF,FTFT,TFFT,0.5037
FTTF,FTFT,TFTF,0.4810
FTTF,FTFT,TFTT,0.8396
FTTF,FTFT,TTFF,0.5037
FTTF,FTFT,TTFT,0.8396
FTTF,FTFT,TTTF,0.8396
FTTF,FTFT,TTTT,0.9776
FTTF,FTTF,FFFF,0.9082
FTTF,FTTF,FFFT,0.7224
FTTF,FTTF,FFTF,0.7224
FTTF,FTTF,FFTT,0.3964
FTTF,FTTF,FTFF,0.7224
FTTF,FTTF,FTFT,0.5037
FTTF,FTTF,FTTF,0.3964
FTTF,FTTF,FTTT,0.7011
FTTF,FTTF,TFFF,0.7011
FTTF,FTTF,TFFT,0.3964
FTTF,FTTF,TFTF,0.5037
FTTF,FTTF,TFTT,0.7224
FTTF,FTTF,TTFF,0.3964
FTTF,FTTF,TTFT,0.7224
FTTF,FTTF,TTTF,0.7224
FTTF,FTTF,TTTT,0.9082
FTTF,FTTT,FFFF,0.9016
FTTF,FTTT,FFFT,0.7710
FTTF,FTTT,FFTF,0.7710
FTTF,FTTT,FFTT,0.7011
FTTF,FTTT,FTFF,0.7710
FTTF,FTTT,FTFT,0.8428
FTTF,FTTT,FTTF,0.7011
FTTF,FTTT,FTTT,0.7136
FTTF,FTTT,TFFF,0.7136
FTTF,FTTT,TFFT,0.7011
FTTF,FTTT,TFTF,0.8428
FTTF,FTTT,TFTT,0.7710
FTTF,FTTT,TTFF,0.7011
FTTF,FTTT,TTFT,0.7710
FTTF,FTTT,TTTF,0.7710
FTTF,FTTT,TTTT,0.9016
FTTF,TFFF,FFFF,0.9016
FTTF,TFFF,FFFT,0.7710
FTTF,TFFF,FFTF,0.7710
FTTF,TFFF,FFTT,0.7011
FTTF,TFFF,FTFF,0.7710
FTTF,TFFF,FTFT,0.8428
FTTF,TFFF,FTTF,0.7011
FTTF,TFFF,FTTT,0.7136
FTTF,TFFF,TFFF,0.7136
FTTF,TFFF,TFFT,0.7011
FTTF,TFFF,TFTF,0.8428
FTTF,TFFF,TFTT,0.7710
FTTF,TFFF,TTFF,0.7011
FTTF,TFFF,TTFT,0.7710
FTTF,TFFF,TTTF,0.7710
FTTF,TFFF,TTTT,0.9016
FTTF,TFFT,FFFF,0.9082
FTTF,TFFT,FFFT,0.7224
FTTF,TFFT,FFTF,0.7224
FTTF,TFFT,FFTT,0.3964
FTTF,TFFT,FTFF,0.7224
FTTF,TFFT,FTFT,0.5037
FTTF,TFFT,FTTF,0.3964
FTTF,TFFT,FTTT,0.7011
FTTF,TFFT,TFFF,0.7011
FTTF,TFFT,TFFT,0.3964
FTTF,TFFT,TFTF,0.5037
FTTF,TFFT,TFTT,0.7224
FTTF,TFFT,TTFF,0.3964
FTTF,TFFT,TTFT,0.7224
FTTF,TFFT,TTTF,0.7224
FTTF,TFFT,TTTT,0.9082
FTTF,TFTF,FFFF,0.9776
FTTF,TFTF,FFFT,0.8396
FTTF,TFTF,FFTF,0.8396
FTTF,TFTF,FFTT,0.5037
FTTF,TFTF,FTFF,0.8396
FTTF,TFTF,FTFT,0.4810
FTTF,TFTF,FTTF,0.5037
FTTF,TFTF,FTTT,0.8428
FTTF,TFTF,TFFF,0.8428
FTTF,TFTF,TFFT,0.5037
FTTF,TFTF,TFTF,0.4810
FTTF,TFTF,TFTT,0.8396
FTTF,TFTF,TTFF,0.5037
FTTF,TFTF,TTFT,0.8396
FTTF,TFTF,TTTF,0.8396
FTTF,TFTF,TTTT,0.9776
FTTF,TFTT,FFFF,0.9616
FTTF,TFTT,FFFT,0.7265
FTTF,TFTT,FFTF,0.7265
FTTF,TFTT,FFTT,0.7224
FTTF,TFTT,FTFF,0.7265
FTTF,TFTT,FTFT,0.8396
FTTF,TFTT,FTTF,0.7224
FTTF,TFTT,FTTT,0.7710
FTTF,TFTT,TFFF,0.7710
FTTF,TFTT,TFFT,0.7224
FTTF,TFTT,TFTF,0.8396
FTTF,TFTT,TFTT,0.7265
FTTF,TFTT,TTFF,0.7224
FTTF,TFTT,TTFT,0.7265
FTTF,TFTT,TTTF,0.7265
FTTF,TFTT,TTTT,0.9616
FTTF,TTFF,FFFF,0.9082
FTTF,TTFF,FFFT,0.7224
FTTF,TTFF,FFTF,0.7224
FTTF,TTFF,FFTT,0.3964
FTTF,TTFF,FTFF,0.7224
FTTF,TTFF,FTFT,0.5037
FTTF,TTFF,FTTF,0.3964
FTTF,TTFF,FTTT,0.7011
FTTF,TTFF,TFFF,0.7011
FTTF,TTFF,TFFT,0.3964
FTTF,TTFF,TFTF,0.5037
FTTF,TTFF,TFTT,0.7224
FTTF,TTFF,TTFF,0.3964
FTTF,TTFF,TTFT,0.7224
FTTF,TTFF,TTTF,0.7224
FTTF,TTFF,TTTT,0.9082
FTTF,TTFT,FFFF,0.9616
FTTF,TTFT,FFFT,0.7265
FTTF,TTFT,FFTF,0.7265
FTTF,TTFT,FFTT,0.7224
FTTF,TTFT,FTFF,0.7265
FTTF,TTFT,FTFT,0.8396
FTTF,TTFT,FTTF,0.7224
FTTF,TTFT,FTTT,0.7710
FTTF,TTFT,TFFF,0.7710
FTTF,TTFT,TFFT,0.7224
FTTF,TTFT,TFTF,0.8396
FTTF,TTFT,TFTT,0.7265
FTTF,TTFT,TTFF,0.7224
FTTF,TTFT,TTFT,0.7265
FTTF,TTFT,TTTF,0.7265
FTTF,TTFT,TTTT,0.9616
FTTF,TTTF,FFFF,0.9616
FTTF,TTTF,FFFT,0.7265
FTTF,TTTF,FFTF,0.7265
FTTF,TTTF,FFTT,0.7224
FTTF,TTTF,FTFF,0.7265
FTTF,TTTF,FTFT,0.8396
FTTF,TTTF,FTTF,0.7224
FTTF,TTTF,FTTT,0.7710
FTTF,TTTF,TFFF,0.7710
FTTF,TTTF,TFFT,0.7224
FTTF,TTTF,TFTF,0.8396
FTTF,TTTF,TFTT,0.7265
FTTF,TTTF,TTFF,0.7224
FTTF,TTTF,TTFT,0.7265
FTTF,TTTF,TTTF,0.7265
FTTF,TTTF,TTTT,0.9616
FTTF,TTTT,FFFF,0.9636
FTTF,TTTT,FFFT,0.9616
FTTF,TTTT,FFTF,0.9616
FTTF,TTTT,FFTT,0.9082
FTTF,TTTT,FTFF,0.9616
FTTF,TTTT,FTFT,0.9776
FTTF,TTTT,FTTF,0.9082
FTTF,TTTT,FTTT,0.9016
FTTF,TTTT,TFFF,0.9016
FTTF,TTTT,TFFT,0.9082
FTTF,TTTT,TFTF,0.9776
FTTF,TTTT,TFTT,0.9616
FTTF,TTTT,TTFF,0.9082
FTTF,TTTT,TTFT,0.9616
FTTF,TTTT,TTTF,0.9616
FTTF,TTTT,TTTT,0.9636
FTTT,FFFF,FFFF,0.9393
FTTT,FFFF,FFFT,0.9627
FTTT,FFFF,FFTF,0.9627
FTTT,FFFF,FFTT,0.9016
FTTT,FFFF,FTFF,0.9627
FTTT,FFFF,FTFT,0.9803
FTTT,FFFF,FTTF,0.9016
FTTT,FFFF,FTTT,0.8721
FTTT,FFFF,TFFF,0.8721
FTTT,FFFF,TFFT,0.9016
FTTT,FFFF,TFTF,0.9803
FTTT,FFFF,TFTT,0.9627
FTTT,FFFF,TTFF,0.9016
FTTT,FFFF,TTFT,0.9627
FTTT,FFFF,TTTF,0.9627
FTTT,FFFF,TTTT,0.9393
FTTT,FFFT,FFFF,0.9627
FTTT,FFFT,FFFT,0.7822
FTTT,FFFT,FFTF,0.7822
FTTT,FFFT,FFTT,0.7710
FTTT,FFFT,FTFF,0.7822
FTTT,FFFT,FTFT,0.8708
FTTT,FFFT,FTTF,0.7710
FTTT,FFFT,FTTT,0.7914
FTTT,FFFT,TFFF,0.7914
FTTT,FFFT,TFFT,0.7710
FTTT,FFFT,TFTF,0.8708
FTTT,FFFT,TFTT,0.7822
FTTT,FFFT,TTFF,0.7710
FTTT,FFFT,TTFT,0.7822
FTTT,FFFT,TTTF,0.7822
FTTT,FFFT,TTTT,0.9627
FTTT,FFTF,FFFF,0.9627
FTTT,FFTF,FFFT,0.7822
FTTT,FFTF,FFTF,0.7822
FTTT,FFTF,FFTT,0.7710
FTTT,FFTF,FTFF,0.7822
FTTT,FFTF,FTFT,0.8708
FTTT,FFTF,FTTF,0.7710
FTTT,FFTF,FTTT,0.7914
FTTT,FFTF,TFFF,0.7914
FTTT,FFTF,TFFT,0.7710
FTTT,FFTF,TFTF,0.8708
FTTT,FFTF,TFTT,0.7822
FTTT,FFTF,TTFF,0.7710
FTTT,FFTF,TTFT,0.7822
FTTT,FFTF,TTTF,0.7822
FTTT,FFTF,TTTT,0.9627
FTTT,FFTT,FFFF,0.9016
FTTT,FFTT,FFFT,0.7710
FTTT,FFTT,FFTF,0.7710
FTTT,FFTT,FFTT,0.7011
FTTT,FFTT,FTFF,0.7710
FTTT,FFTT,FTFT,0.8428
FTTT,FFTT,FTTF,0.7011
FTTT,FFTT,FTTT,0.7136
FTTT,FFTT,TFFF,0.7136
FTTT,FFTT,TFFT,0.7011
FTTT,FFTT,TFTF,0.8428
FTTT,FFTT,TFTT,0.7710
FTTT,FFTT,TTFF,0.7011
FTTT,FFTT,TTFT,0.7710
FTTT,FFTT,TTTF,0.7710
FTTT,FFTT,TTTT,0.9016
FTTT,FTFF,FFFF,0.9627
FTTT,FTFF,FFFT,0.7822
FTTT,FTFF,FFTF,0.7822
FTTT,FTFF,FFTT,0.7710
FTTT,FTFF,FTFF,0.7822
FTTT,FTFF,FTFT,0.8708
FTTT,FTFF,FTTF,0.7710
FTTT,FTFF,FTTT,0.7914
FTTT,FTFF,TFFF,0.7914
FTTT,FTFF,TFFT,0.7710
FTTT,FTFF,TFTF,0.8708
FTTT,FTFF,TFTT,0.7822
FTTT,FTFF,TTFF,0.7710
FTTT,FTFF,TTFT,0.7822
FTTT,FTFF,TTTF,0.7822
FTTT,FTFF,TTTT,0.9627
FTTT,FTFT,FFFF,0.9803
FTTT,FTFT,FFFT,0.8708
FTTT,FTFT,FFTF,0.8708
FTTT,FTFT,FFTT,0.8428
FTTT,FTFT,FTFF,0.8708
FTTT,FTFT,FTFT,0.8611
FTTT,FTFT,FTTF,0.8428
FTTT,FTFT,FTTT,0.8747
FTTT,FTFT,TFFF,0.8747
FTTT,FTFT,TFFT,0.8428
FTTT,FTFT,TFTF,0.8611
FTTT,FTFT,TFTT,0.8708
FTTT,FTFT,TTFF,0.8428
FTTT,FTFT,TTFT,0.8708
FTTT,FTFT,TTTF,0.8708
FTTT,FTFT,TTTT,0.9803
FTTT,FTTF,FFFF,0.9016
FTTT,FTTF,FFFT,0.7710
FTTT,FTTF,FFTF,0.7710
FTTT,FTTF,FFTT,0.7011
FTTT,FTTF,FTFF,0.7710
FTTT,FTTF,FTFT,0.8428
FTTT,FTTF,FTTF,0.7011
FTTT,FTTF,FTTT,0.7136
FTTT,FTTF,TFFF,0.7136
FTTT,FTTF,TFFT,0.7011
FTTT,FTTF,TFTF,0.8428
FTTT,FTTF,TFTT,0.7710
FTTT,FTTF,TTFF,0.7011
FTTT,FTTF,TTFT,0.7710
FTTT,FTTF,TTTF,0.7710
FTTT,FTTF,TTTT,0.9016
FTTT,FTTT,FFFF,0.8721
FTTT,FTTT,FFFT,0.7914
FTTT,FTTT,FFTF,0.7914
FTTT,FTTT,FFTT,0.7136
FTTT,FTTT,FTFF,0.7914
FTTT,FTTT,FTFT,0.8747
FTTT,FTTT,FTTF,0.7136
FTTT,FTTT,FTTT,0.6633
FTTT,FTTT,TFFF,0.6633
FTTT,FTTT,TFFT,0.7136
FTTT,FTTT,TFTF,0.8747
FTTT,FTTT,TFTT,0.7914
FTTT,FTTT,TTFF,0.7136
FTTT,FTTT,TTFT,0.7914
FTTT,FTTT,TTTF,0.7914
FTTT,FTTT,TTTT,0.8721
FTTT,TFFF,FFFF,0.8721
FTTT,TFFF,FFFT,0.7914
FTTT,TFFF,FFTF,0.7914
FTTT,TFFF,FFTT,0.7136
FTTT,TFFF,FTFF,0.7914
FTTT,TFFF,FTFT,0.8747
FTTT,TFFF,FTTF,0.7136
FTTT,TFFF,FTTT,0.6633
FTTT,TFFF,TFFF,0.6633
FTTT,TFFF,TFFT,0.7136
FTTT,TFFF,TFTF,0.8747
FTTT,TFFF,TFTT,0.7914
FTTT,TFFF,TTFF,0.7136
FTTT,TFFF,TTFT,0.7914
FTTT,TFFF,TTTF,0.7914
FTTT,TFFF,TTTT,0.8721
FTTT,TFFT,FFFF,0.9016
FTTT,TFFT,FFFT,0.7710
FTTT,TFFT,FFTF,0.7710
FTTT,TFFT,FFTT,0.7011
FTTT,TFFT,FTFF,0.7710
FTTT,TFFT,FTFT,0.8428
FTTT,TFFT,FTTF,0.7011
FTTT,TFFT,FTTT,0.7136
FTTT,TFFT,TFFF,0.7136
FTTT,TFFT,TFFT,0.7011
FTTT,TFFT,TFTF,0.8428
FTTT,TFFT,TFTT,0.7710
FTTT,TFFT,TTFF,0.7011
FTTT,TFFT,TTFT,0.7710
FTTT,TFFT,TTTF,0.7710
FTTT,TFFT,TTTT,0.9016
FTTT,TFTF,FFFF,0.9803
FTTT,TFTF,FFFT,0.8708
FTTT,TFTF,FFTF,0.8708
FTTT,TFTF,FFTT,0.8428
FTTT,TFTF,FTFF,0.8708
FTTT,TFTF,FTFT,0.8611
FTTT,TFTF,FTTF,0.8428
FTTT,TFTF,FTTT,0.8747
FTTT,TFTF,TFFF,0.8747
FTTT,TFTF,TFFT,0.8428
FTTT,TFTF,TFTF,0.8611
FTTT,TFTF,TFTT,0.8708
FTTT,TFTF,TTFF,0.8428
FTTT,TFTF,TTFT,0.8708
FTTT,TFTF,TTTF,0.8708
FTTT,TFTF,TTTT,0.9803
FTTT,TFTT,FFFF,0.9627
FTTT,TFTT,FFFT,0.7822
FTTT,TFTT,FFTF,0.7822
FTTT,TFTT,FFTT,0.7710
FTTT,TFTT,FTFF,0.7822
FTTT,TFTT,FTFT,0.8708
FTTT,TFTT,FTTF,0.7710
FTTT,TFTT,FTTT,0.7914
FTTT,TFTT,TFFF,0.7914
FTTT,TFTT,TFFT,0.7710
FTTT,TFTT,TFTF,0.8708
FTTT,TFTT,TFTT,0.7822
FTTT,TFTT,TTFF,0.7710
FTTT,TFTT,TTFT,0.7822
FTTT,TFTT,TTTF,0.7822
FTTT,TFTT,TTTT,0.9627
FTTT,TTFF,FFFF,0.9016
FTTT,TTFF,FFFT,0.7710
FTTT,TTFF,FFTF,0.7710
FTTT,TTFF,FFTT,0.7011
FTTT,TTFF,FTFF,0.7710
FTTT,TTFF,FTFT,0.8428
FTTT,TTFF,FTTF,0.7011
FTTT,TTFF,FTTT,0.7136
FTTT,TTFF,TFFF,0.7136
FTTT,TTFF,TFFT,0.7011
FTTT,TTFF,TFTF,0.8428
FTTT,TTFF,TFTT,0.7710
FTTT,TTFF,TTFF,0.7011
FTTT,TTFF,TTFT,0.7710
FTTT,TTFF,TTTF,0.7710
FTTT,TTFF,TTTT,0.9016
FTTT,TTFT,FFFF,0.9627
FTTT,TTFT,FFFT,0.7822
FTTT,TTFT,FFTF,0.7822
FTTT,TTFT,FFTT,0.7710
FTTT,TTFT,FTFF,0.7822
FTTT,TTFT,FTFT,0.8708
FTTT,TTFT,FTTF,0.7710
FTTT,TTFT,FTTT,0.7914
FTTT,TTFT,TFFF,0.7914
FTTT,TTFT,TFFT,0.7710
FTTT,TTFT,TFTF,0.8708
FTTT,TTFT,TFTT,0.7822
FTTT,TTFT,TTFF,0.7710
FTTT,TTFT,TTFT,0.7822
FTTT,TTFT,TTTF,0.7822
FTTT,TTFT,TTTT,0.9627
FTTT,TTTF,FFFF,0.9627
FTTT,TTTF,FFFT,0.7822
FTTT,TTTF,FFTF,0.7822
FTTT,TTTF,FFTT,0.7710
FTTT,TTTF,FTFF,0.7822
FTTT,TTTF,FTFT,0.8708
FTTT,TTTF,FTTF,0.7710
FTTT,TTTF,FTTT,0.7914
FTTT,TTTF,TFFF,0.7914
FTTT,TTTF,TFFT,0.7710
FTTT,TTTF,TFTF,0.8708
FTTT,TTTF,TFTT,0.7822
FTTT,TTTF,TTFF,0.7710
FTTT,TTTF,TTFT,0.7822
FTTT,TTTF,TTTF,0.7822
FTTT,TTTF,TTTT,0.9627
FTTT,TTTT,FFFF,0.9393
FTTT,TTTT,FFFT,0.9627
FTTT,TTTT,FFTF,0.9627
FTTT,TTTT,FFTT,0.9016
FTTT,TTTT,FTFF,0.9627
FTTT,TTTT,FTFT,0.9803
FTTT,TTTT,FTTF,0.9016
FTTT,TTTT,FTTT,0.8721
FTTT,TTTT,TFFF,0.8721
FTTT,TTTT,TFFT,0.9016
FTTT,TTTT,TFTF,0.9803
FTTT,TTTT,TFTT,0.9627
FTTT,TTTT,TTFF,0.9016
FTTT,TTTT,TTFT,0.9627
FTTT,TTTT,TTTF,0.9627
FTTT,TTTT,TTTT,0.9393
TFFF,FFFF,FFFF,0.9393
TFFF,FFFF,FFFT,0.9627
TFFF,FFFF,FFTF,0.9627
TFFF,FFFF,FFTT,0.9016
TFFF,FFFF,FTFF,0.9627
TFFF,FFFF,FTFT,0.9803
TFFF,FFFF,FTTF,0.9016
TFFF,FFFF,FTTT,0.8721
TFFF,FFFF,TFFF,0.8721
TFFF,FFFF,TFFT,0.9016
TFFF,FFFF,TFTF,0.9803
TFFF,FFFF,TFTT,0.9627
TFFF,FFFF,TTFF,0.9016
TFFF,FFFF,TTFT,0.9627
TFFF,FFFF,TTTF,0.9627
TFFF,FFFF,TTTT,0.9393
TFFF,FFFT,FFFF,0.9627
TFFF,FFFT,FFFT,0.7822
TFFF,FFFT,FFTF,0.7822
TFFF,FFFT,FFTT,0.7710
TFFF,FFFT,FTFF,0.7822
TFFF,FFFT,FTFT,0.8708
TFFF,FFFT,FTTF,0.7710
TFFF,FFFT,FTTT,0.7914
TFFF,FFFT,TFFF,0.7914
TFFF,FFFT,TFFT,0.7710
TFFF,FFFT,TFTF,0.8708
TFFF,FFFT,TFTT,0.7822
TFFF,FFFT,TTFF,0.7710
TFFF,FFFT,TTFT,0.7822
TFFF,FFFT,TTTF,0.7822
TFFF,FFFT,TTTT,0.9627
TFFF,FFTF,FFFF,0.9627
TFFF,FFTF,FFFT,0.7822
TFFF,FFTF,FFTF,0.7822
TFFF,FFTF,FFTT,0.7710
TFFF,FFTF,FTFF,0.7822
TFFF,FFTF,FTFT,0.8708
TFFF,FFTF,FTTF,0.7710
TFFF,FFTF,FTTT,0.7914
TFFF,FFTF,TFFF,0.7914
TFFF,FFTF,TFFT,0.7710
TFFF,FFTF,TFTF,0.8708
TFFF,FFTF,TFTT,0.7822
TFFF,FFTF,TTFF,0.7710
TFFF,FFTF,TTFT,0.7822
TFFF,FFTF,TTTF,0.7822
TFFF,FFTF,TTTT,0.9627
TFFF,FFTT,FFFF,0.9016
TFFF,FFTT,FFFT,0.7710
TFFF,FFTT,FFTF,0.7710
TFFF,FFTT,FFTT,0.7011
TFFF,FFTT,FTFF,0.7710
TFFF,FFTT,FTFT,0.8428
TFFF,FFTT,FTTF,0.7011
TFFF,FFTT,FTTT,0.7136
TFFF,FFTT,TFFF,0.7136
TFFF,FFTT,TFFT,0.7011
TFFF,FFTT,TFTF,0.8428
TFFF,FFTT,TFTT,0.7710
TFFF,FFTT,TTFF,0.7011
TFFF,FFTT,TTFT,0.7710
TFFF,FFTT,TTTF,0.7710
TFFF,FFTT,TTTT,0.9016
TFFF,FTFF,FFFF,0.9627
TFFF,FTFF,FFFT,0.7822
TFFF,FTFF,FFTF,0.7822
TFFF,FTFF,FFTT,0.7710
TFFF,FTFF,FTFF,0.7822
TFFF,FTFF,FTFT,0.8708
TFFF,FTFF,FTTF,0.7710
TFFF,FTFF,FTTT,0.7914
TFFF,FTFF,TFFF,0.7914
TFFF,FTFF,TFFT,0.7710
TFFF,FTFF,TFTF,0.8708
TFFF,FTFF,TFTT,0.7822
TFFF,FTFF,TTFF,0.7710
TFFF,FTFF,TTFT,0.7822
TFFF,FTFF,TTTF,0.7822
TFFF,FTFF,TTTT,0.9627
TFFF,FTFT,FFFF,0.9803
TFFF,FTFT,FFFT,0.8708
TFFF,FTFT,FFTF,0.8708
TFFF,FTFT,FFTT,0.8428
TFFF,FTFT,FTFF,0.8708
TFFF,FTFT,FTFT,0.8611
TFFF,FTFT,FTTF,0.8428
TFFF,FTFT,FTTT,0.8747
TFFF,FTFT,TFFF,0.8747
TFFF,FTFT,TFFT,0.8428
TFFF,FTFT,TFTF,0.8611
TFFF,FTFT,TFTT,0.8708
TFFF,FTFT,TTFF,0.8428
TFFF,FTFT,TTFT,0.8708
TFFF,FTFT,TTTF,0.8708
TFFF,FTFT,TTTT,0.9803
TFFF,FTTF,FFFF,0.9016
TFFF,FTTF,FFFT,0.7710
TFFF,FTTF,FFTF,0.7710
TFFF,FTTF,FFTT,0.7011
TFFF,FTTF,FTFF,0.7710
TFFF,FTTF,FTFT,0.8428
TFFF,FTTF,FTTF,0.7011
TFFF,FTTF,FTTT,0.7136
TFFF,FTTF,TFFF,0.7136
TFFF,FTTF,TFFT,0.7011
TFFF,FTTF,TFTF,0.8428
TFFF,FTTF,TFTT,0.7710
TFFF,FTTF,TTFF,0.7011
TFFF,FTTF,TTFT,0.7710
TFFF,FTTF,TTTF,0.7710
TFFF,FTTF,TTTT,0.9016
TFFF,FTTT,FFFF,0.8721
TFFF,FTTT,FFFT,0.7914
TFFF,FTTT,FFTF,0.7914
TFFF,FTTT,FFTT,0.7136
TFFF,FTTT,FTFF,0.7914
TFFF,FTTT,FTFT,0.8747
TFFF,FTTT,FTTF,0.7136
TFFF,FTTT,FTTT,0.6633
TFFF,FTTT,TFFF,0.6633
TFFF,FTTT,TFFT,0.7136
TFFF,FTTT,TFTF,0.8747
TFFF,FTTT,TFTT,0.7914
TFFF,FTTT,TTFF,0.7136
TFFF,FTTT,TTFT,0.7914
TFFF,FTTT,TTTF,0.7914
TFFF,FTTT,TTTT,0.8721
TFFF,TFFF,FFFF,0.8721
TFFF,TFFF,FFFT,0.7914
TFFF,TFFF,FFTF,0.7914
TFFF,TFFF,FFTT,0.7136
TFFF,TFFF,FTFF,0.7914
TFFF,TFFF,FTFT,0.8747
TFFF,TFFF,FTTF,0.7136
TFFF,TFFF,FTTT,0.6633
TFFF,TFFF,TFFF,0.6633
TFFF,TFFF,TFFT,0.7136
TFFF,TFFF,TFTF,0.8747
TFFF,TFFF,TFTT,0.7914
TFFF,TFFF,TTFF,0.7136
TFFF,TFFF,TTFT,0.7914
TFFF,TFFF,TTTF,0.7914
TFFF,TFFF,TTTT,0.8721
TFFF,TFFT,FFFF,0.9016
TFFF,TFFT,FFFT,0.7710
TFFF,TFFT,FFTF,0.7710
TFFF,TFFT,FFTT,0.7011
TFFF,TFFT,FTFF,0.7710
TFFF,TFFT,FTFT,0.8428
TFFF,TFFT,FTTF,0.7011
TFFF,TFFT,FTTT,0.7136
TFFF,TFFT,TFFF,0.7136
TFFF,TFFT,TFFT,0.7011
TFFF,TFFT,TFTF,0.8428
TFFF,TFFT,TFTT,0.7710
TFFF,TFFT,TTFF,0.7011
TFFF,TFFT,TTFT,0.7710
TFFF,TFFT,TTTF,0.7710
TFFF,TFFT,TTTT,0.9016
TFFF,TFTF,FFFF,0.9803
TFFF,TFTF,FFFT,0.8708
TFFF,TFTF,FFTF,0.8708
TFFF,TFTF,FFTT,0.8428
TFFF,TFTF,FTFF,0.8708
TFFF,TFTF,FTFT,0.8611
TFFF,TFTF,FTTF,0.8428
TFFF,TFTF,FTTT,0.8747
TFFF,TFTF,TFFF,0.8747
TFFF,TFTF,TFFT,0.8428
TFFF,TFTF,TFTF,0.8611
TFFF,TFTF,TFTT,0.8708
TFFF,TFTF,TTFF,0.8428
TFFF,TFTF,TTFT,0.8708
TFFF,TFTF,TTTF,0.8708
TFFF,TFTF,TTTT,0.9803
TFFF,TFTT,FFFF,0.9627
TFFF,TFTT,FFFT,0.7822
TFFF,TFTT,FFTF,0.7822
TFFF,TFTT,FFTT,0.7710
TFFF,TFTT,FTFF,0.7822
TFFF,TFTT,FTFT,0.8708
TFFF,TFTT,FTTF,0.7710
TFFF,TFTT,FTTT,0.7914
TFFF,TFTT,TFFF,0.7914
TFFF,TFTT,TFFT,0.7710
TFFF,TFTT,TFTF,0.8708
TFFF,TFTT,TFTT,0.7822
TFFF,TFTT,TTFF,0.7710
TFFF,TFTT,TTFT,0.7822
TFFF,TFTT,TTTF,0.7822
TFFF,TFTT,TTTT,0.9627
TFFF,TTFF,FFFF,0.9016
TFFF,TTFF,FFFT,0.7710
TFFF,TTFF,FFTF,0.7710
TFFF,TTFF,FFTT,0.7011
TFFF,TTFF,FTFF,0.7710
TFFF,TTFF,FTFT,0.8428
TFFF,TTFF,FTTF,0.7011
TFFF,TTFF,FTTT,0.7136
TFFF,TTFF,TFFF,0.7136
TFFF,TTFF,TFFT,0.7011
TFFF,TTFF,TFTF,0.8428
TFFF,TTFF,TFTT,0.7710
TFFF,TTFF,TTFF,0.7011
TFFF,TTFF,TTFT,0.7710
TFFF,TTFF,TTTF,0.7710
TFFF,TTFF,TTTT,0.9016
TFFF,TTFT,FFFF,0.9627
TFFF,TTFT,FFFT,0.7822
TFFF,TTFT,FFTF,0.7822
TFFF,TTFT,FFTT,0.7710
TFFF,TTFT,FTFF,0.7822
TFFF,TTFT,FTFT,0.8708
TFFF,TTFT,FTTF,0.7710
TFFF,TTFT,FTTT,0.7914
TFFF,TTFT,TFFF,0.7914
TFFF,TTFT,TFFT,0.7710
TFFF,TTFT,TFTF,0.8708
TFFF,TTFT,TFTT,0.7822
TFFF,TTFT,TTFF,0.7710
TFFF,TTFT,TTFT,0.7822
TFFF,TTFT,TTTF,0.7822
TFFF,TTFT,TTTT,0.9627
TFFF,TTTF,FFFF,0.9627
TFFF,TTTF,FFFT,0.7822
TFFF,TTTF,FFTF,0.7822
TFFF,TTTF,FFTT,0.7710
TFFF,TTTF,FTFF,0.7822
TFFF,TTTF,FTFT,0.8708
TFFF,TTTF,FTTF,0.7710
TFFF,TTTF,FTTT,0.7914
TFFF,TTTF,TFFF,0.7914
TFFF,TTTF,TFFT,0.7710
TFFF,TTTF,TFTF,0.8708
TFFF,TTTF,TFTT,0.7822
TFFF,TTTF,TTFF,0.7710
TFFF,TTTF,TTFT,0.7822
TFFF,TTTF,TTTF,0.7822
TFFF,TTTF,TTTT,0.9627
TFFF,TTTT,FFFF,0.9393
TFFF,TTTT,FFFT,0.9627
TFFF,TTTT,FFTF,0.9627
TFFF,TTTT,FFTT,0.9016
TFFF,TTTT,FTFF,0.9627
TFFF,TTTT,FTFT,0.9803
TFFF,TTTT,FTTF,0.9016
TFFF,TTTT,FTTT,0.8721
TFFF,TTTT,TFFF,0.8721
TFFF,TTTT,TFFT,0.9016
TFFF,TTTT,TFTF,0.9803
TFFF,TTTT,TFTT,0.9627
TFFF,TTTT,TTFF,0.9016
TFFF,TTTT,TTFT,0.9627
TFFF,TTTT,TTTF,0.9627
TFFF,TTTT,TTTT,0.9393
TFFT,FFFF,FFFF,0.9636
TFFT,FFFF,FFFT,0.9616
TFFT,FFFF,FFTF,0.9616
TFFT,FFFF,FFTT,0.9082
TFFT,FFFF,FTFF,0.9616
TFFT,FFFF,FTFT,0.9776
TFFT,FFFF,FTTF,0.9082
TFFT,FFFF,FTTT,0.9016
TFFT,FFFF,TFFF,0.9016
TFFT,FFFF,TFFT,0.9082
TFFT,FFFF,TFTF,0.9776
TFFT,FFFF,TFTT,0.9616
TFFT,FFFF,TTFF,0.9082
TFFT,FFFF,TTFT,0.9616
TFFT,FFFF,TTTF,0.9616
TFFT,FFFF,TTTT,0.9636
TFFT,FFFT,FFFF,0.9616
TFFT,FFFT,FFFT,0.7265
TFFT,FFFT,FFTF,0.7265
TFFT,FFFT,FFTT,0.7224
TFFT,FFFT,FTFF,0.7265
TFFT,FFFT,FTFT,0.8396
TFFT,FFFT,FTTF,0.7224
TFFT,FFFT,FTTT,0.7710
TFFT,FFFT,TFFF,0.7710
TFFT,FFFT,TFFT,0.7224
TFFT,FFFT,TFTF,0.8396
TFFT,FFFT,TFTT,0.7265
TFFT,FFFT,TTFF,0.7224
TFFT,FFFT,TTFT,0.7265
TFFT,FFFT,TTTF,0.7265
TFFT,FFFT,TTTT,0.9616
TFFT,FFTF,FFFF,0.9616
TFFT,FFTF,FFFT,0.7265
TFFT,FFTF,FFTF,0.7265
TFFT,FFTF,FFTT,0.7224
TFFT,FFTF,FTFF,0.7265
TFFT,FFTF,FTFT,0.8396
TFFT,FFTF,FTTF,0.7224
TFFT,FFTF,FTTT,0.7710
TFFT,FFTF,TFFF,0.7710
TFFT,FFTF,TFFT,0.7224
TFFT,FFTF,TFTF,0.8396
TFFT,FFTF,TFTT,0.7265
TFFT,FFTF,TTFF,0.7224
TFFT,FFTF,TTFT,0.7265
TFFT,FFTF,TTTF,0.7265
TFFT,FFTF,TTTT,0.9616
TFFT,FFTT,FFFF,0.9082
TFFT,FFTT,FFFT,0.7224
TFFT,FFTT,FFTF,0.7224
TFFT,FFTT,FFTT,0.3964
TFFT,FFTT,FTFF,0.7224
TFFT,FFTT,FTFT,0.5037
TFFT,FFTT,FTTF,0.3964
TFFT,FFTT,FTTT,0.7011
TFFT,FFTT,TFFF,0.7011
TFFT,FFTT,TFFT,0.3964
TFFT,FFTT,TFTF,0.5037
TFFT,FFTT,TFTT,0.7224
TFFT,FFTT,TTFF,0.3964
TFFT,FFTT,TTFT,0.7224
TFFT,FFTT,TTTF,0.7224
TFFT,FFTT,TTTT,0.9082
TFFT,FTFF,FFFF,0.9616
TFFT,FTFF,FFFT,0.7265
TFFT,FTFF,FFTF,0.7265
TFFT,FTFF,FFTT,0.7224
TFFT,FTFF,FTFF,0.7265
TFFT,FTFF,FTFT,0.8396
TFFT,FTFF,FTTF,0.7224
TFFT,FTFF,FTTT,0.7710
TFFT,FTFF,TFFF,0.7710
TFFT,FTFF,TFFT,0.7224
TFFT,FTFF,TFTF,0.8396
TFFT,FTFF,TFTT,0.7265
TFFT,FTFF,TTFF,0.7224
TFFT,FTFF,TTFT,0.7265
TFFT,FTFF,TTTF,0.7265
TFFT,FTFF,TTTT,0.9616
TFFT,FTFT,FFFF,0.9776
TFFT,FTFT,FFFT,0.8396
TFFT,FTFT,FFTF,0.8396
TFFT,FTFT,FFTT,0.5037
TFFT,FTFT,FTFF,0.8396
TFFT,FTFT,FTFT,0.4810
TFFT,FTFT,FTTF,0.5037
TFFT,FTFT,FTTT,0.8428
TFFT,FTFT,TFFF,0.8428
TFFT,FTFT,TFFT,0.5037
TFFT,FTFT,TFTF,0.4810
TFFT,FTFT,TFTT,0.8396
TFFT,FTFT,TTFF,0.5037
TFFT,FTFT,TTFT,0.8396
TFFT,FTFT,TTTF,0.8396
TFFT,FTFT,TTTT,0.9776
TFFT,FTTF,FFFF,0.9082
TFFT,FTTF,FFFT,0.7224
TFFT,FTTF,FFTF,0.7224
TFFT,FTTF,FFTT,0.3964
TFFT,FTTF,FTFF,0.7224
TFFT,FTTF,FTFT,0.5037
TFFT,FTTF,FTTF,0.3964
TFFT,FTTF,FTTT,0.7011
TFFT,FTTF,TFFF,0.7011
TFFT,FTTF,TFFT,0.3964
TFFT,FTTF,TFTF,0.5037
TFFT,FTTF,TFTT,0.7224
TFFT,FTTF,TTFF,0.3964
TFFT,FTTF,TTFT,0.7224
TFFT,FTTF,TTTF,0.7224
TFFT,FTTF,TTTT,0.9082
TFFT,FTTT,FFFF,0.9016
TFFT,FTTT,FFFT,0.7710
TFFT,FTTT,FFTF,0.7710
TFFT,FTTT,FFTT,0.7011
TFFT,FTTT,FTFF,0.7710
TFFT,FTTT,FTFT,0.8428
TFFT,FTTT,FTTF,0.7011
TFFT,FTTT,FTTT,0.7136
TFFT,FTTT,TFFF,0.7136
TFFT,FTTT,TFFT,0.7011
TFFT,FTTT,TFTF,0.8428
TFFT,FTTT,TFTT,0.7710
TFFT,FTTT,TTFF,0.7011
TFFT,FTTT,TTFT,0.7710
TFFT,FTTT,TTTF,0.7710
TFFT,FTTT,TTTT,0.9016
TFFT,TFFF,FFFF,0.9016
TFFT,TFFF,FFFT,0.7710
TFFT,TFFF,FFTF,0.7710
TFFT,TFFF,FFTT,0.7011
TFFT,TFFF,FTFF,0.7710
TFFT,TFFF,FTFT,0.8428
TFFT,TFFF,FTTF,0.7011
TFFT,TFFF,FTTT,0.7136
TFFT,TFFF,TFFF,0.7136
TFFT,TFFF,TFFT,0.7011
TFFT,TFFF,TFTF,0.8428
TFFT,TFFF,TFTT,0.7710
TFFT,TFFF,TTFF,0.7011
TFFT,TFFF,TTFT,0.7710
TFFT,TFFF,TTTF,0.7710
TFFT,TFFF,TTTT,0.9016
TFFT,TFFT,FFFF,0.9082
TFFT,TFFT,FFFT,0.7224
TFFT,TFFT,FFTF,0.7224
TFFT,TFFT,FFTT,0.3964
TFFT,TFFT,FTFF,0.7224
TFFT,TFFT,FTFT,0.5037
TFFT,TFFT,FTTF,0.3964
TFFT,TFFT,FTTT,0.7011
TFFT,TFFT,TFFF,0.7011
TFFT,TFFT,TFFT,0.3964
TFFT,TFFT,TFTF,0.5037
TFFT,TFFT,TFTT,0.7224
TFFT,TFFT,TTFF,0.3964
TFFT,TFFT,TTFT,0.7224
TFFT,TFFT,TTTF,0.7224
TFFT,TFFT,TTTT,0.9082
TFFT,TFTF,FFFF,0.9776
TFFT,TFTF,FFFT,0.8396
TFFT,TFTF,FFTF,0.8396
TFFT,TFTF,FFTT,0.5037
TFFT,TFTF,FTFF,0.8396
TFFT,TFTF,FTFT,0.4810
TFFT,TFTF,FTTF,0.5037
TFFT,TFTF,FTTT,0.8428
TFFT,TFTF,TFFF,0.8428
TFFT,TFTF,TFFT,0.5037
TFFT,TFTF,TFTF,0.4810
TFFT,TFTF,TFTT,0.8396
TFFT,TFTF,TTFF,0.5037
TFFT,TFTF,TTFT,0.8396
TFFT,TFTF,TTTF,0.8396
TFFT,TFTF,TTTT,0.9776
TFFT,TFTT,FFFF,0.9616
TFFT,TFTT,FFFT,0.7265
TFFT,TFTT,FFTF,0.7265
TFFT,TFTT,FFTT,0.7224
TFFT,TFTT,FTFF,0.7265
TFFT,TFTT,FTFT,0.8396
TFFT,TFTT,FTTF,0.7224
TFFT,TFTT,FTTT,0.7710
TFFT,TFTT,TFFF,0.7710
TFFT,TFTT,TFFT,0.7224
TFFT,TFTT,TFTF,0.8396
TFFT,TFTT,TFTT,0.7265
TFFT,TFTT,TTFF,0.7224
TFFT,TFTT,TTFT,0.7265
TFFT,TFTT,TTTF,0.7265
TFFT,TFTT,TTTT,0.9616
TFFT,TTFF,FFFF,0.9082
TFFT,TTFF,FFFT,0.7224
TFFT,TTFF,FFTF,0.7224
TFFT,TTFF,FFTT,0.3964
TFFT,TTFF,FTFF,0.7224
TFFT,TTFF,FTFT,0.5037
TFFT,TTFF,FTTF,0.3964
TFFT,TTFF,FTTT,0.7011
TFFT,TTFF,TFFF,0.7011
TFFT,TTFF,TFFT,0.3964
TFFT,TTFF,TFTF,0.5037
TFFT,TTFF,TFTT,0.7224
TFFT,TTFF,TTFF,0.3964
TFFT,TTFF,TTFT,0.7224
TFFT,TTFF,TTTF,0.7224
TFFT,TTFF,TTTT,0.9082
TFFT,TTFT,FFFF,0.9616
TFFT,TTFT,FFFT,0.7265
TFFT,TTFT,FFTF,0.7265
TFFT,TTFT,FFTT,0.7224
TFFT,TTFT,FTFF,0.7265
TFFT,TTFT,FTFT,0.8396
TFFT,TTFT,FTTF,0.7224
TFFT,TTFT,FTTT,0.7710
TFFT,TTFT,TFFF,0.7710
TFFT,TTFT,TFFT,0.7224
TFFT,TTFT,TFTF,0.8396
TFFT,TTFT,TFTT,0.7265
TFFT,TTFT,TTFF,0.7224
TFFT,TTFT,TTFT,0.7265
TFFT,TTFT,TTTF,0.7265
TFFT,TTFT,TTTT,0.9616
TFFT,TTTF,FFFF,0.9616
TFFT,TTTF,FFFT,0.7265
TFFT,TTTF,FFTF,0.7265
TFFT,TTTF,FFTT,0.7224
TFFT,TTTF,FTFF,0.7265
TFFT,TTTF,FTFT,0.8396
TFFT,TTTF,FTTF,0.7224
TFFT,TTTF,FTTT,0.7710
TFFT,TTTF,TFFF,0.7710
TFFT,TTTF,TFFT,0.7224
TFFT,TTTF,TFTF,0.8396
TFFT,TTTF,TFTT,0.7265
TFFT,TTTF,TTFF,0.7224
TFFT,TTTF,TTFT,0.7265
TFFT,TTTF,TTTF,0.7265
TFFT,TTTF,TTTT,0.9616
TFFT,TTTT,FFFF,0.9636
TFFT,TTTT,FFFT,0.9616
TFFT,TTTT,FFTF,0.9616
TFFT,TTTT,FFTT,0.9082
TFFT,TTTT,FTFF,0.9616
TFFT,TTTT,FTFT,0.9776
TFFT,TTTT,FTTF,0.9082
TFFT,TTTT,FTTT,0.9016
TFFT,TTTT,TFFF,0.9016
TFFT,TTTT,TFFT,0.9082
TFFT,TTTT,TFTF,0.9776
TFFT,TTTT,TFTT,0.9616
TFFT,TTTT,TTFF,0.9082
TFFT,TTTT,TTFT,0.9616
TFFT,TTTT,TTTF,0.9616
TFFT,TTTT,TTTT,0.9636
TFTF,FFFF,FFFF,1.0177
TFTF,FFFF,FFFT,0.9815
TFTF,FFFF,FFTF,0.9815
TFTF,FFFF,FFTT,0.9776
TFTF,FFFF,FTFF,0.9815
TFTF,FFFF,FTFT,0.9905
TFTF,FFFF,FTTF,0.9776
TFTF,FFFF,FTTT,0.9803
TFTF,FFFF,TFFF,0.9803
TFTF,FFFF,TFFT,0.9776
TFTF,FFFF,TFTF,0.9905
TFTF,FFFF,TFTT,0.9815
TFTF,FFFF,TTFF,0.9776
TFTF,FFFF,TTFT,0.9815
TFTF,FFFF,TTTF,0.9815
TFTF,FFFF,TTTT,1.0177
TFTF,FFFT,FFFF,0.9815
TFTF,FFFT,FFFT,0.8716
TFTF,FFFT,FFTF,0.8716
TFTF,FFFT,FFTT,0.8396
TFTF,FFFT,FTFF,0.8716
TFTF,FFFT,FTFT,0.8561
TFTF,FFFT,FTTF,0.8396
TFTF,FFFT,FTTT,0.8708
TFTF,FFFT,TFFF,0.8708
TFTF,FFFT,TFFT,0.8396
TFTF,FFFT,TFTF,0.8561
TFTF,FFFT,TFTT,0.8716
TFTF,FFFT,TTFF,0.8396
TFTF,FFFT,TTFT,0.8716
TFTF,FFFT,TTTF,0.8716
TFTF,FFFT,TTTT,0.9815
TFTF,FFTF,FFFF,0.9815
TFTF,FFTF,FFFT,0.8716
TFTF,FFTF,FFTF,0.8716
TFTF,FFTF,FFTT,0.8396
TFTF,FFTF,FTFF,0.8716
TFTF,FFTF,FTFT,0.8561
TFTF,FFTF,FTTF,0.8396
TFTF,FFTF,FTTT,0.8708
TFTF,FFTF,TFFF,0.8708
TFTF,FFTF,TFFT,0.8396
TFTF,FFTF,TFTF,0.8561
TFTF,FFTF,TFTT,0.8716
TFTF,FFTF,TTFF,0.8396
TFTF,FFTF,TTFT,0.8716
TFTF,FFTF,TTTF,0.8716
TFTF,FFTF,TTTT,0.9815
TFTF,FFTT,FFFF,0.9776
TFTF,FFTT,FFFT,0.8396
TFTF,FFTT,FFTF,0.8396
TFTF,FFTT,FFTT,0.5037
TFTF,FFTT,FTFF,0.8396
TFTF,FFTT,FTFT,0.4810
TFTF,FFTT,FTTF,0.5037
TFTF,FFTT,FTTT,0.8428
TFTF,FFTT,TFFF,0.8428
TFTF,FFTT,TFFT,0.5037
TFTF,FFTT,TFTF,0.4810
TFTF,FFTT,TFTT,0.8396
TFTF,FFTT,TTFF,0.5037
TFTF,FFTT,TTFT,0.8396
TFTF,FFTT,TTTF,0.8396
TFTF,FFTT,TTTT,0.9776
TFTF,FTFF,FFFF,0.9815
TFTF,FTFF,FFFT,0.8716
TFTF,FTFF,FFTF,0.8716
TFTF,FTFF,FFTT,0.8396
TFTF,FTFF,FTFF,0.8716
TFTF,FTFF,FTFT,0.8561
TFTF,FTFF,FTTF,0.8396
TFTF,FTFF,FTTT,0.8708
TFTF,FTFF,TFFF,0.8708
TFTF,FTFF,TFFT,0.8396
TFTF,FTFF,TFTF,0.8561
TFTF,FTFF,TFTT,0.8716
TFTF,FTFF,TTFF,0.8396
TFTF,FTFF,TTFT,0.8716
TFTF,FTFF,TTTF,0.8716
TFTF,FTFF,TTTT,0.9815
TFTF,FTFT,FFFF,0.9905
TFTF,FTFT,FFFT,0.8561
TFTF,FTFT,FFTF,0.8561
TFTF,FTFT,FFTT,0.4810
TFTF,FTFT,FTFF,0.8561
TFTF,FTFT,FTFT,0.4632
TFTF,FTFT,FTTF,0.4810
TFTF,FTFT,FTTT,0.8611
TFTF,FTFT,TFFF,0.8611
TFTF,FTFT,TFFT,0.4810
TFTF,FTFT,TFTF,0.4632
TFTF,FTFT,TFTT,0.8561
TFTF,FTFT,TTFF,0.4810
TFTF,FTFT,TTFT,0.8561
TFTF,FTFT,TTTF,0.8561
TFTF,FTFT,TTTT,0.9905
TFTF,FTTF,FFFF,0.9776
TFTF,FTTF,FFFT,0.8396
TFTF,FTTF,FFTF,0.8396
TFTF,FTTF,FFTT,0.5037
TFTF,FTTF,FTFF,0.8396
TFTF,FTTF,FTFT,0.4810
TFTF,FTTF,FTTF,0.5037
TFTF,FTTF,FTTT,0.8428
TFTF,FTTF,TFFF,0.8428
TFTF,FTTF,TFFT,0.5037
TFTF,FTTF,TFTF,0.4810
TFTF,FTTF,TFTT,0.8396
TFTF,FTTF,TTFF,0.5037
TFTF,FTTF,TTFT,0.8396
TFTF,FTTF,TTTF,0.8396
TFTF,FTTF,TTTT,0.9776
TFTF,FTTT,FFFF,0.9803
TFTF,FTTT,FFFT,0.8708
TFTF,FTTT,FFTF,0.8708
TFTF,FTTT,FFTT,0.8428
TFTF,FTTT,FTFF,0.8708
TFTF,FTTT,FTFT,0.8611
TFTF,FTTT,FTTF,0.8428
TFTF,FTTT,FTTT,0.8747
TFTF,FTTT,TFFF,0.8747
TFTF,FTTT,TFFT,0.8428
TFTF,FTTT,TFTF,0.8611
TFTF,FTTT,TFTT,0.8708
TFTF,FTTT,TTFF,0.8428
TFTF,FTTT,TTFT,0.8708
TFTF,FTTT,TTTF,0.8708
TFTF,FTTT,TTTT,0.9803
TFTF,TFFF,FFFF,0.9803
TFTF,TFFF,FFFT,0.8708
TFTF,TFFF,FFTF,0.8708
TFTF,TFFF,FFTT,0.8428
TFTF,TFFF,FTFF,0.8708
TFTF,TFFF,FTFT,0.8611
TFTF,TFFF,FTTF,0.8428
TFTF,TFFF,FTTT,0.8747
TFTF,TFFF,TFFF,0.8747
TFTF,TFFF,TFFT,0.8428
TFTF,TFFF,TFTF,0.8611
TFTF,TFFF,TFTT,0.8708
TFTF,TFFF,TTFF,0.8428
TFTF,TFFF,TTFT,0.8708
TFTF,TFFF,TTTF,0.8708
TFTF,TFFF,TTTT,0.9803
TFTF,TFFT,FFFF,0.9776
TFTF,TFFT,FFFT,0.8396
TFTF,TFFT,FFTF,0.8396
TFTF,TFFT,FFTT,0.5037
TFTF,TFFT,FTFF,0.8396
TFTF,TFFT,FTFT,0.4810
TFTF,TFFT,FTTF,0.5037
TFTF,TFFT,FTTT,0.8428
TFTF,TFFT,TFFF,0.8428
TFTF,TFFT,TFFT,0.5037
TFTF,TFFT,TFTF,0.4810
TFTF,TFFT,TFTT,0.8396
TFTF,TFFT,TTFF,0.5037
TFTF,TFFT,TTFT,0.8396
TFTF,TFFT,TTTF,0.8396
TFTF,TFFT,TTTT,0.9776
TFTF,TFTF,FFFF,0.9905
TFTF,TFTF,FFFT,0.8561
TFTF,TFTF,FFTF,0.8561
TFTF,TFTF,FFTT,0.4810
TFTF,TFTF,FTFF,0.8561
TFTF,TFTF,FTFT,0.4632
TFTF,TFTF,FTTF,0.4810
TFTF,TFTF,FTTT,0.8611
TFTF,TFTF,TFFF,0.8611
TFTF,TFTF,TFFT,0.4810
TFTF,TFTF,TFTF,0.4632
TFTF,TFTF,TFTT,0.8561
TFTF,TFTF,TTFF,0.4810
TFTF,TFTF,TTFT,0.8561
TFTF,TFTF,TTTF,0.8561
TFTF,TFTF,TTTT,0.9905
TFTF,TFTT,FFFF,0.9815
TFTF,TFTT,FFFT,0.8716
TFTF,TFTT,FFTF,0.8716
TFTF,TFTT,FFTT,0.8396
TFTF,TFTT,FTFF,0.8716
TFTF,TFTT,FTFT,0.8561
TFTF,TFTT,FTTF,0.8396
TFTF,TFTT,FTTT,0.8708
TFTF,TFTT,TFFF,0.8708
TFTF,TFTT,TFFT,0.8396
TFTF,TFTT,TFTF,0.8561
TFTF,TFTT,TFTT,0.8716
TFTF,TFTT,TTFF,0.8396
TFTF,TFTT,TTFT,0.8716
TFTF,TFTT,TTTF,0.8716
TFTF,TFTT,TTTT,0.9815
TFTF,TTFF,FFFF,0.9776
TFTF,TTFF,FFFT,0.8396
TFTF,TTFF,FFTF,0.8396
TFTF,TTFF,FFTT,0.5037
TFTF,TTFF,FTFF,0.8396
TFTF,TTFF,FTFT,0.4810
TFTF,TTFF,FTTF,0.5037
TFTF,TTFF,FTTT,0.8428
TFTF,TTFF,TFFF,0.8428
TFTF,TTFF,TFFT,0.5037
TFTF,TTFF,TFTF,0.4810
TFTF,TTFF,TFTT,0.8396
TFTF,TTFF,TTFF,0.5037
TFTF,TTFF,TTFT,0.8396
TFTF,TTFF,TTTF,0.8396
TFTF,TTFF,TTTT,0.9776
TFTF,TTFT,FFFF,0.9815
TFTF,TTFT,FFFT,0.8716
TFTF,TTFT,FFTF,0.8716
TFTF,TTFT,FFTT,0.8396
TFTF,TTFT,FTFF,0.8716
TFTF,TTFT,FTFT,0.8561
TFTF,TTFT,FTTF,0.8396
TFTF,TTFT,FTTT,0.8708
TFTF,TTFT,TFFF,0.8708
TFTF,TTFT,TFFT,0.8396
TFTF,TTFT,TFTF,0.8561
TFTF,TTFT,TFTT,0.8716
TFTF,TTFT,TTFF,0.8396
TFTF,TTFT,TTFT,0.8716
TFTF,TTFT,TTTF,0.8716
TFTF,TTFT,TTTT,0.9815
TFTF,TTTF,FFFF,0.9815
TFTF,TTTF,FFFT,0.8716
TFTF,TTTF,FFTF,0.8716
TFTF,TTTF,FFTT,0.8396
TFTF,TTTF,FTFF,0.8716
TFTF,TTTF,FTFT,0.8561
TFTF,TTTF,FTTF,0.8396
TFTF,TTTF,FTTT,0.8708
TFTF,TTTF,TFFF,0.8708
TFTF,TTTF,TFFT,0.8396
TFTF,TTTF,TFTF,0.8561
TFTF,TTTF,TFTT,0.8716
TFTF,TTTF,TTFF,0.8396
TFTF,TTTF,TTFT,0.8716
TFTF,TTTF,TTTF,0.8716
TFTF,TTTF,TTTT,0.9815
TFTF,TTTT,FFFF,1.0177
TFTF,TTTT,FFFT,0.9815
TFTF,TTTT,FFTF,0.9815
TFTF,TTTT,FFTT,0.9776
TFTF,TTTT,FTFF,0.9815
TFTF,TTTT,FTFT,0.9905
TFTF,TTTT,FTTF,0.9776
TFTF,TTTT,FTTT,0.9803
TFTF,TTTT,TFFF,0.9803
TFTF,TTTT,TFFT,0.9776
TFTF,TTTT,TFTF,0.9905
TFTF,TTTT,TFTT,0.9815
TFTF,TTTT,TTFF,0.9776
TFTF,TTTT,TTFT,0.9815
TFTF,TTTT,TTTF,0.9815
TFTF,TTTT,TTTT,1.0177
TFTT,FFFF,FFFF,1.0049
TFTT,FFFF,FFFT,0.9669
TFTT,FFFF,FFTF,0.9669
TFTT,FFFF,FFTT,0.9616
TFTT,FFFF,FTFF,0.9669
TFTT,FFFF,FTFT,0.9815
TFTT,FFFF,FTTF,0.9616
TFTT,FFFF,FTTT,0.9627
TFTT,FFFF,TFFF,0.9627
TFTT,FFFF,TFFT,0.9616
TFTT,FFFF,TFTF,0.9815
TFTT,FFFF,TFTT,0.9669
TFTT,FFFF,TTFF,0.9616
TFTT,FFFF,TTFT,0.9669
TFTT,FFFF,TTTF,0.9669
TFTT,FFFF,TTTT,1.0049
TFTT,FFFT,FFFF,0.9669
TFTT,FFFT,FFFT,0.7131
TFTT,FFFT,FFTF,0.7131
TFTT,FFFT,FFTT,0.7265
TFTT,FFFT,FTFF,0.7131
TFTT,FFFT,FTFT,0.8716
TFTT,FFFT,FTTF,0.7265
TFTT,FFFT,FTTT,0.7822
TFTT,FFFT,TFFF,0.7822
TFTT,FFFT,TFFT,0.7265
TFTT,FFFT,TFTF,0.8716
TFTT,FFFT,TFTT,0.7131
TFTT,FFFT,TTFF,0.7265
TFTT,FFFT,TTFT,0.7131
TFTT,FFFT,TTTF,0.7131
TFTT,FFFT,TTTT,0.9669
TFTT,FFTF,FFFF,0.9669
TFTT,FFTF,FFFT,0.7131
TFTT,FFTF,FFTF,0.7131
TFTT,FFTF,FFTT,0.7265
TFTT,FFTF,FTFF,0.7131
TFTT,FFTF,FTFT,0.8716
TFTT,FFTF,FTTF,0.7265
TFTT,FFTF,FTTT,0.7822
TFTT,FFTF,TFFF,0.7822
TFTT,FFTF,TFFT,0.7265
TFTT,FFTF,TFTF,0.8716
TFTT,FFTF,TFTT,0.7131
TFTT,FFTF,TTFF,0.7265
TFTT,FFTF,TTFT,0.7131
TFTT,FFTF,TTTF,0.7131
TFTT,FFTF,TTTT,0.9669
TFTT,FFTT,FFFF,0.9616
TFTT,FFTT,FFFT,0.7265
TFTT,FFTT,FFTF,0.7265
TFTT,FFTT,FFTT,0.7224
TFTT,FFTT,FTFF,0.7265
TFTT,FFTT,FTFT,0.8396
TFTT,FFTT,FTTF,0.7224
TFTT,FFTT,FTTT,0.7710
TFTT,FFTT,TFFF,0.7710
TFTT,FFTT,TFFT,0.7224
TFTT,FFTT,TFTF,0.8396
TFTT,FFTT,TFTT,0.7265
TFTT,FFTT,TTFF,0.7224
TFTT,FFTT,TTFT,0.7265
TFTT,FFTT,TTTF,0.7265
TFTT,FFTT,TTTT,0.9616
TFTT,FTFF,FFFF,0.9669
TFTT,FTFF,FFFT,0.7131
TFTT,FTFF,FFTF,0.7131
TFTT,FTFF,FFTT,0.7265
TFTT,FTFF,FTFF,0.7131
TFTT,FTFF,FTFT,0.8716
TFTT,FTFF,FTTF,0.7265
TFTT,FTFF,FTTT,0.7822
TFTT,FTFF,TFFF,0.7822
TFTT,FTFF,TFFT,0.7265
TFTT,FTFF,TFTF,0.8716
TFTT,FTFF,TFTT,0.7131
TFTT,FTFF,TTFF,0.7265
TFTT,FTFF,TTFT,0.7131
TFTT,FTFF,TTTF,0.7131
TFTT,FTFF,TTTT,0.9669
TFTT,FTFT,FFFF,0.9815
TFTT,FTFT,FFFT,0.8716
TFTT,FTFT,FFTF,0.8716
TFTT,FTFT,FFTT,0.8396
TFTT,FTFT,FTFF,0.8716
TFTT,FTFT,FTFT,0.8561
TFTT,FTFT,FTTF,0.8396
TFTT,FTFT,FTTT,0.8708
TFTT,FTFT,TFFF,0.8708
TFTT,FTFT,TFFT,0.8396
TFTT,FTFT,TFTF,0.8561
TFTT,FTFT,TFTT,0.8716
TFTT,FTFT,TTFF,0.8396
TFTT,FTFT,TTFT,0.8716
TFTT,FTFT,TTTF,0.8716
TFTT,FTFT,TTTT,0.9815
TFTT,FTTF,FFFF,0.9616
TFTT,FTTF,FFFT,0.7265
TFTT,FTTF,FFTF,0.7265
TFTT,FTTF,FFTT,0.7224
TFTT,FTTF,FTFF,0.7265
TFTT,FTTF,FTFT,0.8396
TFTT,FTTF,FTTF,0.7224
TFTT,FTTF,FTTT,0.7710
TFTT,FTTF,TFFF,0.7710
TFTT,FTTF,TFFT,0.7224
TFTT,FTTF,TFTF,0.8396
TFTT,FTTF,TFTT,0.7265
TFTT,FTTF,TTFF,0.7224
TFTT,FTTF,TTFT,0.7265
TFTT,FTTF,TTTF,0.7265
TFTT,FTTF,TTTT,0.9616
TFTT,FTTT,FFFF,0.9627
TFTT,FTTT,FFFT,0.7822
TFTT,FTTT,FFTF,0.7822
TFTT,FTTT,FFTT,0.7710
TFTT,FTTT,FTFF,0.7822
TFTT,FTTT,FTFT,0.8708
TFTT,FTTT,FTTF,0.7710
TFTT,FTTT,FTTT,0.7914
TFTT,FTTT,TFFF,0.7914
TFTT,FTTT,TFFT,0.7710
TFTT,FTTT,TFTF,0.8708
TFTT,FTTT,TFTT,0.7822
TFTT,FTTT,TTFF,0.7710
TFTT,FTTT,TTFT,0.7822
TFTT,FTTT,TTTF,0.7822
TFTT,FTTT,TTTT,0.9627
TFTT,TFFF,FFFF,0.9627
TFTT,TFFF,FFFT,0.7822
TFTT,TFFF,FFTF,0.7822
TFTT,TFFF,FFTT,0.7710
TFTT,TFFF,FTFF,0.7822
TFTT,TFFF,FTFT,0.8708
TFTT,TFFF,FTTF,0.7710
TFTT,TFFF,FTTT,0.7914
TFTT,TFFF,TFFF,0.7914
TFTT,TFFF,TFFT,0.7710
TFTT,TFFF,TFTF,0.8708
TFTT,TFFF,TFTT,0.7822
TFTT,TFFF,TTFF,0.7710
TFTT,TFFF,TTFT,0.7822
TFTT,TFFF,TTTF,0.7822
TFTT,TFFF,TTTT,0.9627
TFTT,TFFT,FFFF,0.9616
TFTT,TFFT,FFFT,0.7265
TFTT,TFFT,FFTF,0.7265
TFTT,TFFT,FFTT,0.7224
TFTT,TFFT,FTFF,0.7265
TFTT,TFFT,FTFT,0.8396
TFTT,TFFT,FTTF,0.7224
TFTT,TFFT,FTTT,0.7710
TFTT,TFFT,TFFF,0.7710
TFTT,TFFT,TFFT,0.7224
TFTT,TFFT,TFTF,0.8396
TFTT,TFFT,TFTT,0.7265
TFTT,TFFT,TTFF,0.7224
TFTT,TFFT,TTFT,0.7265
TFTT,TFFT,TTTF,0.7265
TFTT,TFFT,TTTT,0.9616
TFTT,TFTF,FFFF,0.9815
TFTT,TFTF,FFFT,0.8716
TFTT,TFTF,FFTF,0.8716
TFTT,TFTF,FFTT,0.8396
TFTT,TFTF,FTFF,0.8716
TFTT,TFTF,FTFT,0.8561
TFTT,TFTF,FTTF,0.8396
TFTT,TFTF,FTTT,0.8708
TFTT,TFTF,TFFF,0.8708
TFTT,TFTF,TFFT,0.8396
TFTT,TFTF,TFTF,0.8561
TFTT,TFTF,TFTT,0.8716
TFTT,TFTF,TTFF,0.8396
TFTT,TFTF,TTFT,0.8716
TFTT,TFTF,TTTF,0.8716
TFTT,TFTF,TTTT,0.9815
TFTT,TFTT,FFFF,0.9669
TFTT,TFTT,FFFT,0.7131
TFTT,TFTT,FFTF,0.7131
TFTT,TFTT,FFTT,0.7265
TFTT,TFTT,FTFF,0.7131
TFTT,TFTT,FTFT,0.8716
TFTT,TFTT,FTTF,0.7265
TFTT,TFTT,FTTT,0.7822
TFTT,TFTT,TFFF,0.7822
TFTT,TFTT,TFFT,0.7265
TFTT,TFTT,TFTF,0.8716
TFTT,TFTT,TFTT,0.7131
TFTT,TFTT,TTFF,0.7265
TFTT,TFTT,TTFT,0.7131
TFTT,TFTT,TTTF,0.7131
TFTT,TFTT,TTTT,0.9669
TFTT,TTFF,FFFF,0.9616
TFTT,TTFF,FFFT,0.7265
TFTT,TTFF,FFTF,0.7265
TFTT,TTFF,FFTT,0.7224
TFTT,TTFF,FTFF,0.7265
TFTT,TTFF,FTFT,0.8396
TFTT,TTFF,FTTF,0.7224
TFTT,TTFF,FTTT,0.7710
TFTT,TTFF,TFFF,0.7710
TFTT,TTFF,TFFT,0.7224
TFTT,TTFF,TFTF,0.8396
TFTT,TTFF,TFTT,0.7265
TFTT,TTFF,TTFF,0.7224
TFTT,TTFF,TTFT,0.7265
TFTT,TTFF,TTTF,0.7265
TFTT,TTFF,TTTT,0.9616
TFTT,TTFT,FFFF,0.9669
TFTT,TTFT,FFFT,0.7131
TFTT,TTFT,FFTF,0.7131
TFTT,TTFT,FFTT,0.7265
TFTT,TTFT,FTFF,0.7131
TFTT,TTFT,FTFT,0.8716
TFTT,TTFT,FTTF,0.7265
TFTT,TTFT,FTTT,0.7822
TFTT,TTFT,TFFF,0.7822
TFTT,TTFT,TFFT,0.7265
TFTT,TTFT,TFTF,0.8716
TFTT,TTFT,TFTT,0.7131
TFTT,TTFT,TTFF,0.7265
TFTT,TTFT,TTFT,0.7131
TFTT,TTFT,TTTF,0.7131
TFTT,TTFT,TTTT,0.9669
TFTT,TTTF,FFFF,0.9669
TFTT,TTTF,FFFT,0.7131
TFTT,TTTF,FFTF,0.7131
TFTT,TTTF,FFTT,0.7265
TFTT,TTTF,FTFF,0.7131
TFTT,TTTF,FTFT,0.8716
TFTT,TTTF,FTTF,0.7265
TFTT,TTTF,FTTT,0.7822
TFTT,TTTF,TFFF,0.7822
TFTT,TTTF,TFFT,0.7265
TFTT,TTTF,TFTF,0.8716
TFTT,TTTF,TFTT,0.7131
TFTT,TTTF,TTFF,0.7265
TFTT,TTTF,TTFT,0.7131
TFTT,TTTF,TTTF,0.7131
TFTT,TTTF,TTTT,0.9669
TFTT,TTTT,FFFF,1.0049
TFTT,TTTT,FFFT,0.9669
TFTT,TTTT,FFTF,0.9669
TFTT,TTTT,FFTT,0.9616
TFTT,TTTT,FTFF,0.9669
TFTT,TTTT,FTFT,0.9815
TFTT,TTTT,FTTF,0.9616
TFTT,TTTT,FTTT,0.9627
TFTT,TTTT,TFFF,0.9627
TFTT,TTTT,TFFT,0.9616
TFTT,TTTT,TFTF,0.9815
TFTT,TTTT,TFTT,0.9669
TFTT,TTTT,TTFF,0.9616
TFTT,TTTT,TTFT,0.9669
TFTT,TTTT,TTTF,0.9669
TFTT,TTTT,TTTT,1.0049
TTFF,FFFF,FFFF,0.9636
TTFF,FFFF,FFFT,0.9616
TTFF,FFFF,FFTF,0.9616
TTFF,FFFF,FFTT,0.9082
TTFF,FFFF,FTFF,0.9616
TTFF,FFFF,FTFT,0.9776
TTFF,FFFF,FTTF,0.9082
TTFF,FFFF,FTTT,0.9016
TTFF,FFFF,TFFF,0.9016
TTFF,FFFF,TFFT,0.9082
TTFF,FFFF,TFTF,0.9776
TTFF,FFFF,TFTT,0.9616
TTFF,FFFF,TTFF,0.9082
TTFF,FFFF,TTFT,0.9616
TTFF,FFFF,TTTF,0.9616
TTFF,FFFF,TTTT,0.9636
TTFF,FFFT,FFFF,0.9616
TTFF,FFFT,FFFT,0.7265
TTFF,FFFT,FFTF,0.7265
TTFF,FFFT,FFTT,0.7224
TTFF,FFFT,FTFF,0.7265
TTFF,FFFT,FTFT,0.8396
TTFF,FFFT,FTTF,0.7224
TTFF,FFFT,FTTT,0.7710
TTFF,FFFT,TFFF,0.7710
TTFF,FFFT,TFFT,0.7224
TTFF,FFFT,TFTF,0.8396
TTFF,FFFT,TFTT,0.7265
TTFF,FFFT,TTFF,0.7224
TTFF,FFFT,TTFT,0.7265
TTFF,FFFT,TTTF,0.7265
TTFF,FFFT,TTTT,0.9616
TTFF,FFTF,FFFF,0.9616
TTFF,FFTF,FFFT,0.7265
TTFF,FFTF,FFTF,0.7265
TTFF,FFTF,FFTT,0.7224
TTFF,FFTF,FTFF,0.7265
TTFF,FFTF,FTFT,0.8396
TTFF,FFTF,FTTF,0.7224
TTFF,FFTF,FTTT,0.7710
TTFF,FFTF,TFFF,0.7710
TTFF,FFTF,TFFT,0.7224
TTFF,FFTF,TFTF,0.8396
TTFF,FFTF,TFTT,0.7265
TTFF,FFTF,TTFF,0.7224
TTFF,FFTF,TTFT,0.7265
TTFF,FFTF,TTTF,0.7265
TTFF,FFTF,TTTT,0.9616
TTFF,FFTT,FFFF,0.9082
TTFF,FFTT,FFFT,0.7224
TTFF,FFTT,FFTF,0.7224
TTFF,FFTT,FFTT,0.3964
TTFF,FFTT,FTFF,0.7224
TTFF,FFTT,FTFT,0.5037
TTFF,FFTT,FTTF,0.3964
TTFF,FFTT,FTTT,0.7011
TTFF,FFTT,TFFF,0.7011
TTFF,FFTT,TFFT,0.3964
TTFF,FFTT,TFTF,0.5037
TTFF,FFTT,TFTT,0.7224
TTFF,FFTT,TTFF,0.3964
TTFF,FFTT,TTFT,0.7224
TTFF,FFTT,TTTF,0.7224
TTFF,FFTT,TTTT,0.9082
TTFF,FTFF,FFFF,0.9616
TTFF,FTFF,FFFT,0.7265
TTFF,FTFF,FFTF,0.7265
TTFF,FTFF,FFTT,0.7224
TTFF,FTFF,FTFF,0.7265
TTFF,FTFF,FTFT,0.8396
TTFF,FTFF,FTTF,0.7224
TTFF,FTFF,FTTT,0.7710
TTFF,FTFF,TFFF,0.7710
TTFF,FTFF,TFFT,0.7224
TTFF,FTFF,TFTF,0.8396
TTFF,FTFF,TFTT,0.7265
TTFF,FTFF,TTFF,0.7224
TTFF,FTFF,TTFT,0.7265
TTFF,FTFF,TTTF,0.7265
TTFF,FTFF,TTTT,0.9616
TTFF,FTFT,FFFF,0.9776
TTFF,FTFT,FFFT,0.8396
TTFF,FTFT,FFTF,0.8396
TTFF,FTFT,FFTT,0.5037
TTFF,FTFT,FTFF,0.8396
TTFF,FTFT,FTFT,0.4810
TTFF,FTFT,FTTF,0.5037
TTFF,FTFT,FTTT,0.8428
TTFF,FTFT,TFFF,0.8428
TTFF,FTFT,TFFT,0.5037
TTFF,FTFT,TFTF,0.4810
TTFF,FTFT,TFTT,0.8396
TTFF,FTFT,TTFF,0.5037
TTFF,FTFT,TTFT,0.8396
TTFF,FTFT,TTTF,0.8396
TTFF,FTFT,TTTT,0.9776
TTFF,FTTF,FFFF,0.9082
TTFF,FTTF,FFFT,0.7224
TTFF,FTTF,FFTF,0.7224
TTFF,FTTF,FFTT,0.3964
TTFF,FTTF,FTFF,0.7224
TTFF,FTTF,FTFT,0.5037
TTFF,FTTF,FTTF,0.3964
TTFF,FTTF,FTTT,0.7011
TTFF,FTTF,TFFF,0.7011
TTFF,FTTF,TFFT,0.3964
TTFF,FTTF,TFTF,0.5037
TTFF,FTTF,TFTT,0.7224
TTFF,FTTF,TTFF,0.3964
TTFF,FTTF,TTFT,0.7224
TTFF,FTTF,TTTF,0.7224
TTFF,FTTF,TTTT,0.9082
TTFF,FTTT,FFFF,0.9016
TTFF,FTTT,FFFT,0.7710
TTFF,FTTT,FFTF,0.7710
TTFF,FTTT,FFTT,0.7011
TTFF,FTTT,FTFF,0.7710
TTFF,FTTT,FTFT,0.8428
TTFF,FTTT,FTTF,0.7011
TTFF,FTTT,FTTT,0.7136
TTFF,FTTT,TFFF,0.7136
TTFF,FTTT,TFFT,0.7011
TTFF,FTTT,TFTF,0.8428
TTFF,FTTT,TFTT,0.7710
TTFF,FTTT,TTFF,0.7011
TTFF,FTTT,TTFT,0.7710
TTFF,FTTT,TTTF,0.7710
TTFF,FTTT,TTTT,0.9016
TTFF,TFFF,FFFF,0.9016
TTFF,TFFF,FFFT,0.7710
TTFF,TFFF,FFTF,0.7710
TTFF,TFFF,FFTT,0.7011
TTFF,TFFF,FTFF,0.7710
TTFF,TFFF,FTFT,0.8428
TTFF,TFFF,FTTF,0.7011
TTFF,TFFF,FTTT,0.7136
TTFF,TFFF,TFFF,0.7136
TTFF,TFFF,TFFT,0.7011
TTFF,TFFF,TFTF,0.8428
TTFF,TFFF,TFTT,0.7710
TTFF,TFFF,TTFF,0.7011
TTFF,TFFF,TTFT,0.7710
TTFF,TFFF,TTTF,0.7710
TTFF,TFFF,TTTT,0.9016
TTFF,TFFT,FFFF,0.9082
TTFF,TFFT,FFFT,0.7224
TTFF,TFFT,FFTF,0.7224
TTFF,TFFT,FFTT,0.3964
TTFF,TFFT,FTFF,0.7224
TTFF,TFFT,FTFT,0.5037
TTFF,TFFT,FTTF,0.3964
TTFF,TFFT,FTTT,0.7011
TTFF,TFFT,TFFF,0.7011
TTFF,TFFT,TFFT,0.3964
TTFF,TFFT,TFTF,0.5037
TTFF,TFFT,TFTT,0.7224
TTFF,TFFT,TTFF,0.3964
TTFF,TFFT,TTFT,0.7224
TTFF,TFFT,TTTF,0.7224
TTFF,TFFT,TTTT,0.9082
TTFF,TFTF,FFFF,0.9776
TTFF,TFTF,FFFT,0.8396
TTFF,TFTF,FFTF,0.8396
TTFF,TFTF,FFTT,0.5037
TTFF,TFTF,FTFF,0.8396
TTFF,TFTF,FTFT,0.4810
TTFF,TFTF,FTTF,0.5037
TTFF,TFTF,FTTT,0.8428
TTFF,TFTF,TFFF,0.8428
TTFF,TFTF,TFFT,0.5037
TTFF,TFTF,TFTF,0.4810
TTFF,TFTF,TFTT,0.8396
TTFF,TFTF,TTFF,0.5037
TTFF,TFTF,TTFT,0.8396
TTFF,TFTF,TTTF,0.8396
TTFF,TFTF,TTTT,0.9776
TTFF,TFTT,FFFF,0.9616
TTFF,TFTT,FFFT,0.7265
TTFF,TFTT,FFTF,0.7265
TTFF,TFTT,FFTT,0.7224
TTFF,TFTT,FTFF,0.7265
TTFF,TFTT,FTFT,0.8396
TTFF,TFTT,FTTF,0.7224
TTFF,TFTT,FTTT,0.7710
TTFF,TFTT,TFFF,0.7710
TTFF,TFTT,TFFT,0.7224
TTFF,TFTT,TFTF,0.8396
TTFF,TFTT,TFTT,0.7265
TTFF,TFTT,TTFF,0.7224
TTFF,TFTT,TTFT,0.7265
TTFF,TFTT,TTTF,0.7265
TTFF,TFTT,TTTT,0.9616
TTFF,TTFF,FFFF,0.9082
TTFF,TTFF,FFFT,0.7224
TTFF,TTFF,FFTF,0.7224
TTFF,TTFF,FFTT,0.3964
TTFF,TTFF,FTFF,0.7224
TTFF,TTFF,FTFT,0.5037
TTFF,TTFF,FTTF,0.3964
TTFF,TTFF,FTTT,0.7011
TTFF,TTFF,TFFF,0.7011
TTFF,TTFF,TFFT,0.3964
TTFF,TTFF,TFTF,0.5037
TTFF,TTFF,TFTT,0.7224
TTFF,TTFF,TTFF,0.3964
TTFF,TTFF,TTFT,0.7224
TTFF,TTFF,TTTF,0.7224
TTFF,TTFF,TTTT,0.9082
TTFF,TTFT,FFFF,0.9616
TTFF,TTFT,FFFT,0.7265
TTFF,TTFT,FFTF,0.7265
TTFF,TTFT,FFTT,0.7224
TTFF,TTFT,FTFF,0.7265
TTFF,TTFT,FTFT,0.8396
TTFF,TTFT,FTTF,0.7224
TTFF,TTFT,FTTT,0.7710
TTFF,TTFT,TFFF,0.7710
TTFF,TTFT,TFFT,0.7224
TTFF,TTFT,TFTF,0.8396
TTFF,TTFT,TFTT,0.7265
TTFF,TTFT,TTFF,0.7224
TTFF,TTFT,TTFT,0.7265
TTFF,TTFT,TTTF,0.7265
TTFF,TTFT,TTTT,0.9616
TTFF,TTTF,FFFF,0.9616
TTFF,TTTF,FFFT,0.7265
TTFF,TTTF,FFTF,0.7265
TTFF,TTTF,FFTT,0.7224
TTFF,TTTF,FTFF,0.7265
TTFF,TTTF,FTFT,0.8396
TTFF,TTTF,FTTF,0.7224
TTFF,TTTF,FTTT,0.7710
TTFF,TTTF,TFFF,0.7710
TTFF,TTTF,TFFT,0.7224
TTFF,TTTF,TFTF,0.8396
TTFF,TTTF,TFTT,0.7265
TTFF,TTTF,TTFF,0.7224
TTFF,TTTF,TTFT,0.7265
TTFF,TTTF,TTTF,0.7265
TTFF,TTTF,TTTT,0.9616
TTFF,TTTT,FFFF,0.9636
TTFF,TTTT,FFFT,0.9616
TTFF,TTTT,FFTF,0.9616
TTFF,TTTT,FFTT,0.9082
TTFF,TTTT,FTFF,0.9616
TTFF,TTTT,FTFT,0.9776
TTFF,TTTT,FTTF,0.9082
TTFF,TTTT,FTTT,0.9016
TTFF,TTTT,TFFF,0.9016
TTFF,TTTT,TFFT,0.9082
TTFF,TTTT,TFTF,0.9776
TTFF,TTTT,TFTT,0.9616
TTFF,TTTT,TTFF,0.9082
TTFF,TTTT,TTFT,0.9616
TTFF,TTTT,TTTF,0.9616
TTFF,TTTT,TTTT,0.9636
TTFT,FFFF,FFFF,1.0049
TTFT,FFFF,FFFT,0.9669
TTFT,FFFF,FFTF,0.9669
TTFT,FFFF,FFTT,0.9616
TTFT,FFFF,FTFF,0.9669
TTFT,FFFF,FTFT,0.9815
TTFT,FFFF,FTTF,0.9616
TTFT,FFFF,FTTT,0.9627
TTFT,FFFF,TFFF,0.9627
TTFT,FFFF,TFFT,0.9616
TTFT,FFFF,TFTF,0.9815
TTFT,FFFF,TFTT,0.9669
TTFT,FFFF,TTFF,0.9616
TTFT,FFFF,TTFT,0.9669
TTFT,FFFF,TTTF,0.9669
TTFT,FFFF,TTTT,1.0049
TTFT,FFFT,FFFF,0.9669
TTFT,FFFT,FFFT,0.7131
TTFT,FFFT,FFTF,0.7131
TTFT,FFFT,FFTT,0.7265
TTFT,FFFT,FTFF,0.7131
TTFT,FFFT,FTFT,0.8716
TTFT,FFFT,FTTF,0.7265
TTFT,FFFT,FTTT,0.7822
TTFT,FFFT,TFFF,0.7822
TTFT,FFFT,TFFT,0.7265
TTFT,FFFT,TFTF,0.8716
TTFT,FFFT,TFTT,0.7131
TTFT,FFFT,TTFF,0.7265
TTFT,FFFT,TTFT,0.7131
TTFT,FFFT,TTTF,0.7131
TTFT,FFFT,TTTT,0.9669
TTFT,FFTF,FFFF,0.9669
TTFT,FFTF,FFFT,0.7131
TTFT,FFTF,FFTF,0.7131
TTFT,FFTF,FFTT,0.7265
TTFT,FFTF,FTFF,0.7131
TTFT,FFTF,FTFT,0.8716
TTFT,FFTF,FTTF,0.7265
TTFT,FFTF,FTTT,0.7822
TTFT,FFTF,TFFF,0.7822
TTFT,FFTF,TFFT,0.7265
TTFT,FFTF,TFTF,0.8716
TTFT,FFTF,TFTT,0.7131
TTFT,FFTF,TTFF,0.7265
TTFT,FFTF,TTFT,0.7131
TTFT,FFTF,TTTF,0.7131
TTFT,FFTF,TTTT,0.9669
TTFT,FFTT,FFFF,0.9616
TTFT,FFTT,FFFT,0.7265
TTFT,FFTT,FFTF,0.7265
TTFT,FFTT,FFTT,0.7224
TTFT,FFTT,FTFF,0.7265
TTFT,FFTT,FTFT,0.8396
TTFT,FFTT,FTTF,0.7224
TTFT,FFTT,FTTT,0.7710
TTFT,FFTT,TFFF,0.7710
TTFT,FFTT,TFFT,0.7224
TTFT,FFTT,TFTF,0.8396
TTFT,FFTT,TFTT,0.7265
TTFT,FFTT,TTFF,0.7224
TTFT,FFTT,TTFT,0.7265
TTFT,FFTT,TTTF,0.7265
TTFT,FFTT,TTTT,0.9616
TTFT,FTFF,FFFF,0.9669
TTFT,FTFF,FFFT,0.7131
TTFT,FTFF,FFTF,0.7131
TTFT,FTFF,FFTT,0.7265
TTFT,FTFF,FTFF,0.7131
TTFT,FTFF,FTFT,0.8716
TTFT,FTFF,FTTF,0.7265
TTFT,FTFF,FTTT,0.7822
TTFT,FTFF,TFFF,0.7822
TTFT,FTFF,TFFT,0.7265
TTFT,FTFF,TFTF,0.8716
TTFT,FTFF,TFTT,0.7131
TTFT,FTFF,TTFF,0.7265
TTFT,FTFF,TTFT,0.7131
TTFT,FTFF,TTTF,0.7131
TTFT,FTFF,TTTT,0.9669
TTFT,FTFT,FFFF,0.9815
TTFT,FTFT,FFFT,0.8716
TTFT,FTFT,FFTF,0.8716
TTFT,FTFT,FFTT,0.8396
TTFT,FTFT,FTFF,0.8716
TTFT,FTFT,FTFT,0.8561
TTFT,FTFT,FTTF,0.8396
TTFT,FTFT,FTTT,0.8708
TTFT,FTFT,TFFF,0.8708
TTFT,FTFT,TFFT,0.8396
TTFT,FTFT,TFTF,0.8561
TTFT,FTFT,TFTT,0.8716
TTFT,FTFT,TTFF,0.8396
TTFT,FTFT,TTFT,0.8716
TTFT,FTFT,TTTF,0.8716
TTFT,FTFT,TTTT,0.9815
TTFT,FTTF,FFFF,0.9616
TTFT,FTTF,FFFT,0.7265
TTFT,FTTF,FFTF,0.7265
TTFT,FTTF,FFTT,0.7224
TTFT,FTTF,FTFF,0.7265
TTFT,FTTF,FTFT,0.8396
TTFT,FTTF,FTTF,0.7224
TTFT,FTTF,FTTT,0.7710
TTFT,FTTF,TFFF,0.7710
TTFT,FTTF,TFFT,0.7224
TTFT,FTTF,TFTF,0.8396
TTFT,FTTF,TFTT,0.7265
TTFT,FTTF,TTFF,0.7224
TTFT,FTTF,TTFT,0.7265
TTFT,FTTF,TTTF,0.7265
TTFT,FTTF,TTTT,0.9616
TTFT,FTTT,FFFF,0.9627
TTFT,FTTT,FFFT,0.7822
TTFT,FTTT,FFTF,0.7822
TTFT,FTTT,FFTT,0.7710
TTFT,FTTT,FTFF,0.7822
TTFT,FTTT,FTFT,0.8708
TTFT,FTTT,FTTF,0.7710
TTFT,FTTT,FTTT,0.7914
TTFT,FTTT,TFFF,0.7914
TTFT,FTTT,TFFT,0.7710
TTFT,FTTT,TFTF,0.8708
TTFT,FTTT,TFTT,0.7822
TTFT,FTTT,TTFF,0.7710
TTFT,FTTT,TTFT,0.7822
TTFT,FTTT,TTTF,0.7822
TTFT,FTTT,TTTT,0.9627
TTFT,TFFF,FFFF,0.9627
TTFT,TFFF,FFFT,0.7822
TTFT,TFFF,FFTF,0.7822
TTFT,TFFF,FFTT,0.7710
TTFT,TFFF,FTFF,0.7822
TTFT,TFFF,FTFT,0.8708
TTFT,TFFF,FTTF,0.7710
TTFT,TFFF,FTTT,0.7914
TTFT,TFFF,TFFF,0.7914
TTFT,TFFF,TFFT,0.7710
TTFT,TFFF,TFTF,0.8708
TTFT,TFFF,TFTT,0.7822
TTFT,TFFF,TTFF,0.7710
TTFT,TFFF,TTFT,0.7822
TTFT,TFFF,TTTF,0.7822
TTFT,TFFF,TTTT,0.9627
TTFT,TFFT,FFFF,0.9616
TTFT,TFFT,FFFT,0.7265
TTFT,TFFT,FFTF,0.7265
TTFT,TFFT,FFTT,0.7224
TTFT,TFFT,FTFF,0.7265
TTFT,TFFT,FTFT,0.8396
TTFT,TFFT,FTTF,0.7224
TTFT,TFFT,FTTT,0.7710
TTFT,TFFT,TFFF,0.7710
TTFT,TFFT,TFFT,0.7224
TTFT,TFFT,TFTF,0.8396
TTFT,TFFT,TFTT,0.7265
TTFT,TFFT,TTFF,0.7224
TTFT,TFFT,TTFT,0.7265
TTFT,TFFT,TTTF,0.7265
TTFT,TFFT,TTTT,0.9616
TTFT,TFTF,FFFF,0.9815
TTFT,TFTF,FFFT,0.8716
TTFT,TFTF,FFTF,0.8716
TTFT,TFTF,FFTT,0.8396
TTFT,TFTF,FTFF,0.8716
TTFT,TFTF,FTFT,0.8561
TTFT,TFTF,FTTF,0.8396
TTFT,TFTF,FTTT,0.8708
TTFT,TFTF,TFFF,0.8708
TTFT,TFTF,TFFT,0.8396
TTFT,TFTF,TFTF,0.8561
TTFT,TFTF,TFTT,0.8716
TTFT,TFTF,TTFF,0.8396
TTFT,TFTF,TTFT,0.8716
TTFT,TFTF,TTTF,0.8716
TTFT,TFTF,TTTT,0.9815
TTFT,TFTT,FFFF,0.9669
TTFT,TFTT,FFFT,0.7131
TTFT,TFTT,FFTF,0.7131
TTFT,TFTT,FFTT,0.7265
TTFT,TFTT,FTFF,0.7131
TTFT,TFTT,FTFT,0.8716
TTFT,TFTT,FTTF,0.7265
TTFT,TFTT,FTTT,0.7822
TTFT,TFTT,TFFF,0.7822
TTFT,TFTT,TFFT,0.7265
TTFT,TFTT,TFTF,0.8716
TTFT,TFTT,TFTT,0.7131
TTFT,TFTT,TTFF,0.7265
TTFT,TFTT,TTFT,0.7131
TTFT,TFTT,TTTF,0.7131
TTFT,TFTT,TTTT,0.9669
TTFT,TTFF,FFFF,0.9616
TTFT,TTFF,FFFT,0.7265
TTFT,TTFF,FFTF,0.7265
TTFT,TTFF,FFTT,0.7224
TTFT,TTFF,FTFF,0.7265
TTFT,TTFF,FTFT,0.8396
TTFT,TTFF,FTTF,0.7224
TTFT,TTFF,FTTT,0.7710
TTFT,TTFF,TFFF,0.7710
TTFT,TTFF,TFFT,0.7224
TTFT,TTFF,TFTF,0.8396
TTFT,TTFF,TFTT,0.7265
TTFT,TTFF,TTFF,0.7224
TTFT,TTFF,TTFT,0.7265
TTFT,TTFF,TTTF,0.7265
TTFT,TTFF,TTTT,0.9616
TTFT,TTFT,FFFF,0.9669
TTFT,TTFT,FFFT,0.7131
TTFT,TTFT,FFTF,0.7131
TTFT,TTFT,FFTT,0.7265
TTFT,TTFT,FTFF,0.7131
TTFT,TTFT,FTFT,0.8716
TTFT,TTFT,FTTF,0.7265
TTFT,TTFT,FTTT,0.7822
TTFT,TTFT,TFFF,0.7822
TTFT,TTFT,TFFT,0.7265
TTFT,TTFT,TFTF,0.8716
TTFT,TTFT,TFTT,0.7131
TTFT,TTFT,TTFF,0.7265
TTFT,TTFT,TTFT,0.7131
TTFT,TTFT,TTTF,0.7131
TTFT,TTFT,TTTT,0.9669
TTFT,TTTF,FFFF,0.9669
TTFT,TTTF,FFFT,0.7131
TTFT,TTTF,FFTF,0.7131
TTFT,TTTF,FFTT,0.7265
TTFT,TTTF,FTFF,0.7131
TTFT,TTTF,FTFT,0.8716
TTFT,TTTF,FTTF,0.7265
TTFT,TTTF,FTTT,0.7822
TTFT,TTTF,TFFF,0.7822
TTFT,TTTF,TFFT,0.7265
TTFT,TTTF,TFTF,0.8716
TTFT,TTTF,TFTT,0.7131
TTFT,TTTF,TTFF,0.7265
TTFT,TTTF,TTFT,0.7131
TTFT,TTTF,TTTF,0.7131
TTFT,TTTF,TTTT,0.9669
TTFT,TTTT,FFFF,1.0049
TTFT,TTTT,FFFT,0.9669
TTFT,TTTT,FFTF,0.9669
TTFT,TTTT,FFTT,0.9616
TTFT,TTTT,FTFF,0.9669
TTFT,TTTT,FTFT,0.9815
TTFT,TTTT,FTTF,0.9616
TTFT,TTTT,FTTT,0.9627
TTFT,TTTT,TFFF,0.9627
TTFT,TTTT,TFFT,0.9616
TTFT,TTTT,TFTF,0.9815
TTFT,TTTT,TFTT,0.9669
TTFT,TTTT,TTFF,0.9616
TTFT,TTTT,TTFT,0.9669
TTFT,TTTT,TTTF,0.9669
TTFT,TTTT,TTTT,1.0049
TTTF,FFFF,FFFF,1.0049
TTTF,FFFF,FFFT,0.9669
TTTF,FFFF,FFTF,0.9669
TTTF,FFFF,FFTT,0.9616
TTTF,FFFF,FTFF,0.9669
TTTF,FFFF,FTFT,0.9815
TTTF,FFFF,FTTF,0.9616
TTTF,FFFF,FTTT,0.9627
TTTF,FFFF,TFFF,0.9627
TTTF,FFFF,TFFT,0.9616
TTTF,FFFF,TFTF,0.9815
TTTF,FFFF,TFTT,0.9669
TTTF,FFFF,TTFF,0.9616
TTTF,FFFF,TTFT,0.9669
TTTF,FFFF,TTTF,0.9669
TTTF,FFFF,TTTT,1.0049
TTTF,FFFT,FFFF,0.9669
TTTF,FFFT,FFFT,0.7131
TTTF,FFFT,FFTF,0.7131
TTTF,FFFT,FFTT,0.7265
TTTF,FFFT,FTFF,0.7131
TTTF,FFFT,FTFT,0.8716
TTTF,FFFT,FTTF,0.7265
TTTF,FFFT,FTTT,0.7822
TTTF,FFFT,TFFF,0.7822
TTTF,FFFT,TFFT,0.7265
TTTF,FFFT,TFTF,0.8716
TTTF,FFFT,TFTT,0.7131
TTTF,FFFT,TTFF,0.7265
TTTF,FFFT,TTFT,0.7131
TTTF,FFFT,TTTF,0.7131
TTTF,FFFT,TTTT,0.9669
TTTF,FFTF,FFFF,0.9669
TTTF,FFTF,FFFT,0.7131
TTTF,FFTF,FFTF,0.7131
TTTF,FFTF,FFTT,0.7265
TTTF,FFTF,FTFF,0.7131
TTTF,FFTF,FTFT,0.8716
TTTF,FFTF,FTTF,0.7265
TTTF,FFTF,FTTT,0.7822
TTTF,FFTF,TFFF,0.7822
TTTF,FFTF,TFFT,0.7265
TTTF,FFTF,TFTF,0.8716
TTTF,FFTF,TFTT,0.7131
TTTF,FFTF,TTFF,0.7265
TTTF,FFTF,TTFT,0.7131
TTTF,FFTF,TTTF,0.7131
TTTF,FFTF,TTTT,0.9669
TTTF,FFTT,FFFF,0.9616
TTTF,FFTT,FFFT,0.7265
TTTF,FFTT,FFTF,0.7265
TTTF,FFTT,FFTT,0.7224
TTTF,FFTT,FTFF,0.7265
TTTF,FFTT,FTFT,0.8396
TTTF,FFTT,FTTF,0.7224
TTTF,FFTT,FTTT,0.7710
TTTF,FFTT,TFFF,0.7710
TTTF,FFTT,TFFT,0.7224
TTTF,FFTT,TFTF,0.8396
TTTF,FFTT,TFTT,0.7265
TTTF,FFTT,TTFF,0.7224
TTTF,FFTT,TTFT,0.7265
TTTF,FFTT,TTTF,0.7265
TTTF,FFTT,TTTT,0.9616
TTTF,FTFF,FFFF,0.9669
TTTF,FTFF,FFFT,0.7131
TTTF,FTFF,FFTF,0.7131
TTTF,FTFF,FFTT,0.7265
TTTF,FTFF,FTFF,0.7131
TTTF,FTFF,FTFT,0.8716
TTTF,FTFF,FTTF,0.7265
TTTF,FTFF,FTTT,0.7822
TTTF,FTFF,TFFF,0.7822
TTTF,FTFF,TFFT,0.7265
TTTF,FTFF,TFTF,0.8716
TTTF,FTFF,TFTT,0.7131
TTTF,FTFF,TTFF,0.7265
TTTF,FTFF,TTFT,0.7131
TTTF,FTFF,TTTF,0.7131
TTTF,FTFF,TTTT,0.9669
TTTF,FTFT,FFFF,0.9815
TTTF,FTFT,FFFT,0.8716
TTTF,FTFT,FFTF,0.8716
TTTF,FTFT,FFTT,0.8396
TTTF,FTFT,FTFF,0.8716
TTTF,FTFT,FTFT,0.8561
TTTF,FTFT,FTTF,0.8396
TTTF,FTFT,FTTT,0.8708
TTTF,FTFT,TFFF,0.8708
TTTF,FTFT,TFFT,0.8396
TTTF,FTFT,TFTF,0.8561
TTTF,FTFT,TFTT,0.8716
TTTF,FTFT,TTFF,0.8396
TTTF,FTFT,TTFT,0.8716
TTTF,FTFT,TTTF,0.8716
TTTF,FTFT,TTTT,0.9815
TTTF,FTTF,FFFF,0.9616
TTTF,FTTF,FFFT,0.7265
TTTF,FTTF,FFTF,0.7265
TTTF,FTTF,FFTT,0.7224
TTTF,FTTF,FTFF,0.7265
TTTF,FTTF,FTFT,0.8396
TTTF,FTTF,FTTF,0.7224
TTTF,FTTF,FTTT,0.7710
TTTF,FTTF,TFFF,0.7710
TTTF,FTTF,TFFT,0.7224
TTTF,FTTF,TFTF,0.8396
TTTF,FTTF,TFTT,0.7265
TTTF,FTTF,TTFF,0.7224
TTTF,FTTF,TTFT,0.7265
TTTF,FTTF,TTTF,0.7265
TTTF,FTTF,TTTT,0.9616
TTTF,FTTT,FFFF,0.9627
TTTF,FTTT,FFFT,0.7822
TTTF,FTTT,FFTF,0.7822
TTTF,FTTT,FFTT,0.7710
TTTF,FTTT,FTFF,0.7822
TTTF,FTTT,FTFT,0.8708
TTTF,FTTT,FTTF,0.7710
TTTF,FTTT,FTTT,0.7914
TTTF,FTTT,TFFF,0.7914
TTTF,FTTT,TFFT,0.7710
TTTF,FTTT,TFTF,0.8708
TTTF,FTTT,TFTT,0.7822
TTTF,FTTT,TTFF,0.7710
TTTF,FTTT,TTFT,0.7822
TTTF,FTTT,TTTF,0.7822
TTTF,FTTT,TTTT,0.9627
TTTF,TFFF,FFFF,0.9627
TTTF,TFFF,FFFT,0.7822
TTTF,TFFF,FFTF,0.7822
TTTF,TFFF,FFTT,0.7710
TTTF,TFFF,FTFF,0.7822
TTTF,TFFF,FTFT,0.8708
TTTF,TFFF,FTTF,0.7710
TTTF,TFFF,FTTT,0.7914
TTTF,TFFF,TFFF,0.7914
TTTF,TFFF,TFFT,0.7710
TTTF,TFFF,TFTF,0.8708
TTTF,TFFF,TFTT,0.7822
TTTF,TFFF,TTFF,0.7710
TTTF,TFFF,TTFT,0.7822
TTTF,TFFF,TTTF,0.7822
TTTF,TFFF,TTTT,0.9627
TTTF,TFFT,FFFF,0.9616
TTTF,TFFT,FFFT,0.7265
TTTF,TFFT,FFTF,0.7265
TTTF,TFFT,FFTT,0.7224
TTTF,TFFT,FTFF,0.7265
TTTF,TFFT,FTFT,0.8396
TTTF,TFFT,FTTF,0.7224
TTTF,TFFT,FTTT,0.7710
TTTF,TFFT,TFFF,0.7710
TTTF,TFFT,TFFT,0.7224
TTTF,TFFT,TFTF,0.8396
TTTF,TFFT,TFTT,0.7265
TTTF,TFFT,TTFF,0.7224
TTTF,TFFT,TTFT,0.7265
TTTF,TFFT,TTTF,0.7265
TTTF,TFFT,TTTT,0.9616
TTTF,TFTF,FFFF,0.9815
TTTF,TFTF,FFFT,0.8716
TTTF,TFTF,FFTF,0.8716
TTTF,TFTF,FFTT,0.8396
TTTF,TFTF,FTFF,0.8716
TTTF,TFTF,FTFT,0.8561
TTTF,TFTF,FTTF,0.8396
TTTF,TFTF,FTTT,0.8708
TTTF,TFTF,TFFF,0.8708
TTTF,TFTF,TFFT,0.8396
TTTF,TFTF,TFTF,0.8561
TTTF,TFTF,TFTT,0.8716
TTTF,TFTF,TTFF,0.8396
TTTF,TFTF,TTFT,0.8716
TTTF,TFTF,TTTF,0.8716
TTTF,TFTF,TTTT,0.9815
TTTF,TFTT,FFFF,0.9669
TTTF,TFTT,FFFT,0.7131
TTTF,TFTT,FFTF,0.7131
TTTF,TFTT,FFTT,0.7265
TTTF,TFTT,FTFF,0.7131
TTTF,TFTT,FTFT,0.8716
TTTF,TFTT,FTTF,0.7265
TTTF,TFTT,FTTT,0.7822
TTTF,TFTT,TFFF,0.7822
TTTF,TFTT,TFFT,0.7265
TTTF,TFTT,TFTF,0.8716
TTTF,TFTT,TFTT,0.7131
TTTF,TFTT,TTFF,0.7265
TTTF,TFTT,TTFT,0.7131
TTTF,TFTT,TTTF,0.7131
TTTF,TFTT,TTTT,0.9669
TTTF,TTFF,FFFF,0.9616
TTTF,TTFF,FFFT,0.7265
TTTF,TTFF,FFTF,0.7265
TTTF,TTFF,FFTT,0.7224
TTTF,TTFF,FTFF,0.7265
TTTF,TTFF,FTFT,0.8396
TTTF,TTFF,FTTF,0.7224
TTTF,TTFF,FTTT,0.7710
TTTF,TTFF,TFFF,0.7710
TTTF,TTFF,TFFT,0.7224
TTTF,TTFF,TFTF,0.8396
TTTF,TTFF,TFTT,0.7265
TTTF,TTFF,TTFF,0.7224
TTTF,TTFF,TTFT,0.7265
TTTF,TTFF,TTTF,0.7265
TTTF,TTFF,TTTT,0.9616
TTTF,TTFT,FFFF,0.9669
TTTF,TTFT,FFFT,0.7131
TTTF,TTFT,FFTF,0.7131
TTTF,TTFT,FFTT,0.7265
TTTF,TTFT,FTFF,0.7131
TTTF,TTFT,FTFT,0.8716
TTTF,TTFT,FTTF,0.7265
TTTF,TTFT,FTTT,0.7822
TTTF,TTFT,TFFF,0.7822
TTTF,TTFT,TFFT,0.7265
TTTF,TTFT,TFTF,0.8716
TTTF,TTFT,TFTT,0.7131
TTTF,TTFT,TTFF,0.7265
TTTF,TTFT,TTFT,0.7131
TTTF,TTFT,TTTF,0.7131
TTTF,TTFT,TTTT,0.9669
TTTF,TTTF,FFFF,0.9669
TTTF,TTTF,FFFT,0.7131
TTTF,TTTF,FFTF,0.7131
TTTF,TTTF,FFTT,0.7265
TTTF,TTTF,FTFF,0.7131
TTTF,TTTF,FTFT,0.8716
TTTF,TTTF,FTTF,0.7265
TTTF,TTTF,FTTT,0.7822
TTTF,TTTF,TFFF,0.7822
TTTF,TTTF,TFFT,0.7265
TTTF,TTTF,TFTF,0.8716
TTTF,TTTF,TFTT,0.7131
TTTF,TTTF,TTFF,0.7265
TTTF,TTTF,TTFT,0.7131
TTTF,TTTF,TTTF,0.7131
TTTF,TTTF,TTTT,0.9669
TTTF,TTTT,FFFF,1.0049
TTTF,TTTT,FFFT,0.9669
TTTF,TTTT,FFTF,0.9669
TTTF,TTTT,FFTT,0.9616
TTTF,TTTT,FTFF,0.9669
TTTF,TTTT,FTFT,0.9815
TTTF,TTTT,FTTF,0.9616
TTTF,TTTT,FTTT,0.9627
TTTF,TTTT,TFFF,0.9627
TTTF,TTTT,TFFT,0.9616
TTTF,TTTT,TFTF,0.9815
TTTF,TTTT,TFTT,0.9669
TTTF,TTTT,TTFF,0.9616
TTTF,TTTT,TTFT,0.9669
TTTF,TTTT,TTTF,0.9669
TTTF,TTTT,TTTT,1.0049
TTTT,FFFF,FFFF,0.9779
TTTT,FFFF,FFFT,1.0049
TTTT,FFFF,FFTF,1.0049
TTTT,FFFF,FFTT,0.9636
TTTT,FFFF,FTFF,1.0049
TTTT,FFFF,FTFT,1.0177
TTTT,FFFF,FTTF,0.9636
TTTT,FFFF,FTTT,0.9393
TTTT,FFFF,TFFF,0.9393
TTTT,FFFF,TFFT,0.9636
TTTT,FFFF,TFTF,1.0177
TTTT,FFFF,TFTT,1.0049
TTTT,FFFF,TTFF,0.9636
TTTT,FFFF,TTFT,1.0049
TTTT,FFFF,TTTF,1.0049
TTTT,FFFF,TTTT,0.9779
TTTT,FFFT,FFFF,1.0049
TTTT,FFFT,FFFT,0.9669
TTTT,FFFT,FFTF,0.9669
TTTT,FFFT,FFTT,0.9616
TTTT,FFFT,FTFF,0.9669
TTTT,FFFT,FTFT,0.9815
TTTT,FFFT,FTTF,0.9616
TTTT,FFFT,FTTT,0.9627
TTTT,FFFT,TFFF,0.9627
TTTT,FFFT,TFFT,0.9616
TTTT,FFFT,TFTF,0.9815
TTTT,FFFT,TFTT,0.9669
TTTT,FFFT,TTFF,0.9616
TTTT,FFFT,TTFT,0.9669
TTTT,FFFT,TTTF,0.9669
TTTT,FFFT,TTTT,1.0049
TTTT,FFTF,FFFF,1.0049
TTTT,FFTF,FFFT,0.9669
TTTT,FFTF,FFTF,0.9669
TTTT,FFTF,FFTT,0.9616
TTTT,FFTF,FTFF,0.9669
TTTT,FFTF,FTFT,0.9815
TTTT,FFTF,FTTF,0.9616
TTTT,FFTF,FTTT,0.9627
TTTT,FFTF,TFFF,0.9627
TTTT,FFTF,TFFT,0.9616
TTTT,FFTF,TFTF,0.9815
TTTT,FFTF,TFTT,0.9669
TTTT,FFTF,TTFF,0.9616
TTTT,FFTF,TTFT,0.9669
TTTT,FFTF,TTTF,0.9669
TTTT,FFTF,TTTT,1.0049
TTTT,FFTT,FFFF,0.9636
TTTT,FFTT,FFFT,0.9616
TTTT,FFTT,FFTF,0.9616
TTTT,FFTT,FFTT,0.9082
TTTT,FFTT,FTFF,0.9616
TTTT,FFTT,FTFT,0.9776
TTTT,FFTT,FTTF,0.9082
TTTT,FFTT,FTTT,0.9016
TTTT,FFTT,TFFF,0.9016
TTTT,FFTT,TFFT,0.9082
TTTT,FFTT,TFTF,0.9776
TTTT,FFTT,TFTT,0.9616
TTTT,FFTT,TTFF,0.9082
TTTT,FFTT,TTFT,0.9616
TTTT,FFTT,TTTF,0.9616
TTTT,FFTT,TTTT,0.9636
TTTT,FTFF,FFFF,1.0049
TTTT,FTFF,FFFT,0.9669
TTTT,FTFF,FFTF,0.9669
TTTT,FTFF,FFTT,0.9616
TTTT,FTFF,FTFF,0.9669
TTTT,FTFF,FTFT,0.9815
TTTT,FTFF,FTTF,0.9616
TTTT,FTFF,FTTT,0.9627
TTTT,FTFF,TFFF,0.9627
TTTT,FTFF,TFFT,0.9616
TTTT,FTFF,TFTF,0.9815
TTTT,FTFF,TFTT,0.9669
TTTT,FTFF,TTFF,0.9616
TTTT,FTFF,TTFT,0.9669
TTTT,FTFF,TTTF,0.9669
TTTT,FTFF,TTTT,1.0049
TTTT,FTFT,FFFF,1.0177
TTTT,FTFT,FFFT,0.9815
TTTT,FTFT,FFTF,0.9815
TTTT,FTFT,FFTT,0.9776
TTTT,FTFT,FTFF,0.9815
TTTT,FTFT,FTFT,0.9905
TTTT,FTFT,FTTF,0.9776
TTTT,FTFT,FTTT,0.9803
TTTT,FTFT,TFFF,0.9803
TTTT,FTFT,TFFT,0.9776
TTTT,FTFT,TFTF,0.9905
TTTT,FTFT,TFTT,0.9815
TTTT,FTFT,TTFF,0.9776
TTTT,FTFT,TTFT,0.9815
TTTT,FTFT,TTTF,0.9815
TTTT,FTFT,TTTT,1.0177
TTTT,FTTF,FFFF,0.9636
TTTT,FTTF,FFFT,0.9616
TTTT,FTTF,FFTF,0.9616
TTTT,FTTF,FFTT,0.9082
TTTT,FTTF,FTFF,0.9616
TTTT,FTTF,FTFT,0.9776
TTTT,FTTF,FTTF,0.9082
TTTT,FTTF,FTTT,0.9016
TTTT,FTTF,TFFF,0.9016
TTTT,FTTF,TFFT,0.9082
TTTT,FTTF,TFTF,0.9776
TTTT,FTTF,TFTT,0.9616
TTTT,FTTF,TTFF,0.9082
TTTT,FTTF,TTFT,0.9616
TTTT,FTTF,TTTF,0.9616
TTTT,FTTF,TTTT,0.9636
TTTT,FTTT,FFFF,0.9393
TTTT,FTTT,FFFT,0.9627
TTTT,FTTT,FFTF,0.9627
TTTT,FTTT,FFTT,0.9016
TTTT,FTTT,FTFF,0.9627
TTTT,FTTT,FTFT,0.9803
TTTT,FTTT,FTTF,0.9016
TTTT,FTTT,FTTT,0.8721
TTTT,FTTT,TFFF,0.8721
TTTT,FTTT,TFFT,0.9016
TTTT,FTTT,TFTF,0.9803
TTTT,FTTT,TFTT,0.9627
TTTT,FTTT,TTFF,0.9016
TTTT,FTTT,TTFT,0.9627
TTTT,FTTT,TTTF,0.9627
TTTT,FTTT,TTTT,0.9393
TTTT,TFFF,FFFF,0.9393
TTTT,TFFF,FFFT,0.9627
TTTT,TFFF,FFTF,0.9627
TTTT,TFFF,FFTT,0.9016
TTTT,TFFF,FTFF,0.9627
TTTT,TFFF,FTFT,0.9803
TTTT,TFFF,FTTF,0.9016
TTTT,TFFF,FTTT,0.8721
TTTT,TFFF,TFFF,0.8721
TTTT,TFFF,TFFT,0.9016
TTTT,TFFF,TFTF,0.9803
TTTT,TFFF,TFTT,0.9627
TTTT,TFFF,TTFF,0.9016
TTTT,TFFF,TTFT,0.9627
TTTT,TFFF,TTTF,0.9627
TTTT,TFFF,TTTT,0.9393
TTTT,TFFT,FFFF,0.9636
TTTT,TFFT,FFFT,0.9616
TTTT,TFFT,FFTF,0.9616
TTTT,TFFT,FFTT,0.9082
TTTT,TFFT,FTFF,0.9616
TTTT,TFFT,FTFT,0.9776
TTTT,TFFT,FTTF,0.9082
TTTT,TFFT,FTTT,0.9016
TTTT,TFFT,TFFF,0.9016
TTTT,TFFT,TFFT,0.9082
TTTT,TFFT,TFTF,0.9776
TTTT,TFFT,TFTT,0.9616
TTTT,TFFT,TTFF,0.9082
TTTT,TFFT,TTFT,0.9616
TTTT,TFFT,TTTF,0.9616
TTTT,TFFT,TTTT,0.9636
TTTT,TFTF,FFFF,1.0177
TTTT,TFTF,FFFT,0.9815
TTTT,TFTF,FFTF,0.9815
TTTT,TFTF,FFTT,0.9776
TTTT,TFTF,FTFF,0.9815
TTTT,TFTF,FTFT,0.9905
TTTT,TFTF,FTTF,0.9776
TTTT,TFTF,FTTT,0.9803
TTTT,TFTF,TFFF,0.9803
TTTT,TFTF,TFFT,0.9776
TTTT,TFTF,TFTF,0.9905
TTTT,TFTF,TFTT,0.9815
TTTT,TFTF,TTFF,0.9776
TTTT,TFTF,TTFT,0.9815
TTTT,TFTF,TTTF,0.9815
TTTT,TFTF,TTTT,1.0177
TTTT,TFTT,FFFF,1.0049
TTTT,TFTT,FFFT,0.9669
TTTT,TFTT,FFTF,0.9669
TTTT,TFTT,FFTT,0.9616
TTTT,TFTT,FTFF,0.9669
TTTT,TFTT,FTFT,0.9815
TTTT,TFTT,FTTF,0.9616
TTTT,TFTT,FTTT,0.9627
TTTT,TFTT,TFFF,0.9627
TTTT,TFTT,TFFT,0.9616
TTTT,TFTT,TFTF,0.9815
TTTT,TFTT,TFTT,0.9669
TTTT,TFTT,TTFF,0.9616
TTTT,TFTT,TTFT,0.9669
TTTT,TFTT,TTTF,0.9669
TTTT,TFTT,TTTT,1.0049
TTTT,TTFF,FFFF,0.9636
TTTT,TTFF,FFFT,0.9616
TTTT,TTFF,FFTF,0.9616
TTTT,TTFF,FFTT,0.9082
TTTT,TTFF,FTFF,0.9616
TTTT,TTFF,FTFT,0.9776
TTTT,TTFF,FTTF,0.9082
TTTT,TTFF,FTTT,0.9016
TTTT,TTFF,TFFF,0.9016
TTTT,TTFF,TFFT,0.9082
TTTT,TTFF,TFTF,0.9776
TTTT,TTFF,TFTT,0.9616
TTTT,TTFF,TTFF,0.9082
TTTT,TTFF,TTFT,0.9616
TTTT,TTFF,TTTF,0.9616
TTTT,TTFF,TTTT,0.9636
TTTT,TTFT,FFFF,1.0049
TTTT,TTFT,FFFT,0.9669
TTTT,TTFT,FFTF,0.9669
TTTT,TTFT,FFTT,0.9616
TTTT,TTFT,FTFF,0.9669
TTTT,TTFT,FTFT,0.9815
TTTT,TTFT,FTTF,0.9616
TTTT,TTFT,FTTT,0.9627
TTTT,TTFT,TFFF,0.9627
TTTT,TTFT,TFFT,0.9616
TTTT,TTFT,TFTF,0.9815
TTTT,TTFT,TFTT,0.9669
TTTT,TTFT,TTFF,0.9616
TTTT,TTFT,TTFT,0.9669
TTTT,TTFT,TTTF,0.9669
TTTT,TTFT,TTTT,1.0049
TTTT,TTTF,FFFF,1.0049
TTTT,TTTF,FFFT,0.9669
TTTT,TTTF,FFTF,0.9669
TTTT,TTTF,FFTT,0.9616
TTTT,TTTF,FTFF,0.9669
TTTT,TTTF,FTFT,0.9815
TTTT,TTTF,FTTF,0.9616
TTTT,TTTF,FTTT,0.9627
TTTT,TTTF,TFFF,0.9627
TTTT,TTTF,TFFT,0.9616
TTTT,TTTF,TFTF,0.9815
TTTT,TTTF,TFTT,0.9669
TTTT,TTTF,TTFF,0.9616
TTTT,TTTF,TTFT,0.9669
TTTT,TTTF,TTTF,0.9669
TTTT,TTTF,TTTT,1.0049
TTTT,TTTT,FFFF,0.9779
TTTT,TTTT,FFFT,1.0049
TTTT,TTTT,FFTF,1.0049
TTTT,TTTT,FFTT,0.9636
TTTT,TTTT,FTFF,1.0049
TTTT,TTTT,FTFT,1.0177
TTTT,TTTT,FTTF,0.9636
TTTT,TTTT,FTTT,0.9393
TTTT,TTTT,TFFF,0.9393
TTTT,TTTT,TFFT,0.9636
TTTT,TTTT,TFTF,1.0177
TTTT,TTTT,TFTT,1.0049
TTTT,TTTT,TTFF,0.9636
TTTT,TTTT,TTFT,1.0049
TTTT,TTTT,TTTF,1.0049
TTTT,TTTT,TTTT,0.9779
